Company Name,Company Name for Emails,# Employees,Industry,Website,Company Linkedin Url,Company City,Company State,Company Country,Company Phone,Ultimate Parent Company Name,Ultimate Parent Company Website,Number of Suborganizations,Suborganization Domains,Suborganization Names
Storms Orthodontics,Storms Orthodontics,7,medical practice,http://www.stormsortho.com,http://www.linkedin.com/company/storms-orthodontics,Fayetteville,Arkansas,United States,'+1 479-751-2003,"","",0,"",""
Wetz Chiropractic Clinic,Wetz Chiropractic Clinic,2,alternative medicine,http://www.wetzchiropractic.com,http://www.linkedin.com/company/wetz-chiropractic-clinic,San Antonio,Texas,United States,'+1 210-545-2225,"","",0,"",""
Bailey Family Chiropractic,Bailey Family Chiropractic,4,"health, wellness & fitness",http://www.baileyfamilychiropractic.com,http://www.linkedin.com/company/bailey-family-chiropractic,Altamont,Illinois,United States,'+1 610-257-7080,"","",0,"",""
Dermatology and Hair Restoration Specialists,Dermatology and Hair Restoration Specialists,9,medical practice,http://www.santamonicaskin.com,http://www.linkedin.com/company/los-angeles-dermatologist,Santa Monica,California,United States,'+1 310-315-4989,"","",0,"",""
"NORTH COUNTY DERMATOLOGY CLINIC, P.A",NORTH COUNTY DERMATOLOGY CLINIC P.A,9,medical practice,http://www.ncdermclinic.com,http://www.linkedin.com/company/north-county-dermatology-clinic-p.a,Lakeland,Florida,United States,'+1 863-853-3331,"","",0,"",""
WELLNESS DERMATOLOGY LLC,WELLNESS DERMATOLOGY,2,medical practice,http://www.wellnessdermatology.net,http://www.linkedin.com/company/wellness-dermatology-llc,Lawrence Township,New Jersey,United States,'+1 609-337-7643,"","",0,"",""
NORTHERN MANHATTAN PHYSICAL THERAPY AND CHIROPRACTIC PLLC,NORTHERN MANHATTAN PHYSICAL THERAPY AND CHIROPRACTIC PLLC,5,medical practice,http://www.nmptchiro.com,http://www.linkedin.com/company/northern-manhattan-physical-therapy-and-chiropractic-pllc,New York,New York,United States,'+1 212-781-8858,"","",0,"",""
Melilli Chiropractic & Rehab Center,Melilli Chiropractic & Rehab Center,8,medical practice,http://www.melillichiropractic.com,http://www.linkedin.com/company/melilli-chiropractic-&-rehab-center,Clearwater,Florida,United States,'+1 727-723-9685,"","",0,"",""
Benning & Mathews Orthodontics,Benning & Mathews Orthodontics,6,"health, wellness & fitness",http://www.springsorthodontics.com,http://www.linkedin.com/company/benning-&-mathews-orthodontics,Colorado Springs,Colorado,United States,'+1 719-598-7700,"","",0,"",""
