domain,Company Name
stormsortho.com,Storms Orthodontics
wetzchiropractic.com,Wetz Chiropractic Clinic
baileyfamilychiropractic.com,Bailey Family Chiropractic
santamonicaskin.com,Dermatology and Hair Restoration Specialists
ncdermclinic.com,"NORTH COUNTY DERMATOLOGY CLINIC, P.A"
wellnessdermatology.net,WELLNESS DERMATOLOGY LLC
nmptchiro.com,NORTHERN MANHATTAN PHYSICAL THERAPY AND CHIROPRACTIC PLLC
melillichiropractic.com,Melilli Chiropractic & Rehab Center
springsorthodontics.com,Benning & Mathews Orthodontics
mckinleychiro.com,McKinley Chiropractic: A Creating Wellness Center
smilestraight.com,Chamberlain Orthodontics
rjgabrielconstruction.com,Muldavin Chiropractic
skorthodontics.com,Serrano & Kyger Orthodontics
pioneerchiro.com,Pioneer Chiropractic
pittsorthodontics.com,Pitts Orthodontics
drvalchiro.com,Svetich Chiropractic
backbonus.com,Baar Oikawa Chiropractic Ofc
gwinnettchiropracticassociates.com,Gwinnett Chiropractic Assoc
featherstonechiropractic.com,Featherstone Chiropractic
stamfordchiro.com,"Stamford Chiropractic & Rehab Center, LLC"
mckimchiropractic.com,McKim Chiropractic
drmarkchiropractor.com,Cafagna Chiropractic Svc.
pacificdermatologyspecialists.com,Patient Preferred Dermatology
atlaschirohc.com,Atlas Chiropractic Health Center
blessedfamilychiro.com,"Blessed Family Chiropractic, PLLC"
dermspecialists.net,"Dermatology Specialists of Kansas City, PC"
orlandoschiropractor.com,Ashley Park Chiropractic
affinityfamilychiropractic.com,Affinity Family Chiropractic
olneychiropractor.com,Olney Chiropractic
drlogsdon.com,Chickasha Chiropractic Clinic
bethesdaorthodontics.com,Bethesda Orthodontics
grecobowman.com,Greco Bowman Chiropractic
tidwellchiro.com,Tidwell Chiropractic
leanderchiropractic.net,Leander Chiropractic
nicetouchchiropractic.com,Nice Touch Chiropractic
brightsmileorthodontics.com,Bright Smile Orthodontics
beecherchiropractic.com,Beecher Chiropractic Clinic
beachchiropracticsportscenter.com,Beach Chiropractic Sports Ctr
haircenter.com,Carolina Dermatology Hair Center
walnutcreekdentalgroup.com,Walnut Creek Dental Group and Orthodontics
gogibson.com,Gibson Orthodontics
laserbeautycenter.biz,Harper Dermatology
fourpeakschiropractic.com,Four Peaks Chiropractic
drrobertgross.com,Gross Chiropractic
seaviewchiro.com,Sea View Chiropractic Clinic
fixyourback.co.uk,Fishguard Chiropractic Clinic Ltd
orthoaandevecht.nl,OrthodontistenClinic a/d Vecht
prokinesis.nl,"ProKinesis Podotherapie I Enschede, Hengelo, Oldenzaal"
smartneurophysio.co.uk,Smart Neuro Physio
pontelandchiropractic.co.uk,Ponteland Chiropractic
drperna.com,Perna Dental LLC
smpt.biz,Southern Maine Physical Therapy
z-dermatology.com,Z Dermatology & Skin Wellness Center
smileonyoudentistry.com,Smile On You Dentistry
cstrohmeyer.com,"DERMATOLOGY SPECIALISTS OF NAPLES, INC"
radiantderm.com,"RADIANT DERMATOLOGY, LTD"
eastcarolinadermatology.com,EAST CAROLINA DERMATOLOGY
texasdermcenter.com,TEXAS DERMATOLOGY CENTER PLLC
evergreenderm.com,EVERGREEN DERMATOLOGY GROUP PLLC
puredermatologycenter.com,PURE DERMATOLOGY CENTER
bldentalandorthodontics.com,BL DENTAL & ORTHODONTICS PLLC
hermosadental.com,HERMOSA DENTAL AND ORTHODONTICS GROUP LLC
dscsderm.com,"DERMATOLOGY AND SKIN CANCER SPECIALISTS, PSC"
murfreesborofamilychiro.com,"MURFREESBORO FAMILY CHIROPRACTIC AND REHABILITATION, PLLC"
radpt.com,Radtke Physical Therapy
bayphysicaltherapy.com,Bay Physical Therapy
inertiaabingdon.com,"Inertia Physio and Pelvic Health, LLC"
lukerdental.com,Luker Dental
draperfamilydentistry.com,Draper Family Dentistry
gotdentist.com,Gottlieb Dental
rushfamilydental.com,Rush Family Dental
washingtondermatologycenter.com,Washington Dermatology Center
detroitdentalspa.com,Detroit Dental Spa
lubbockdermwest.com,LONG & HARRIS DERMATOLOGY PLLC
bellinghamoralsurgery.com,BELLINGHAM ORAL SURGERY AND DENTAL IMPLANTS
floridacoastchiro.com,FLORIDA COAST CHIROPRACTIC CLINIC INCORPORATED
yorkrelief.com,Harcourt Chiropractic Office
topchiropractornyc.com,Lamb Chiropractic
cpsderm.com,Central Park South Dermatology
shadygrovederm.com,SHADY GROVE DERMATOLOGY LLC
symmetryhealthchiro.com,Symmetry Health: chiropractic and wellness
kirkmanchiro.com,Kirkman Chiropractic Clinic
braceme.com,Batastini Orthodontics
connerchiropractic.com,Conner Chiropractic
parksidepdx.com,Parkside Chiropractic Clinic
stevensvillechiro.com,STEVENSVILLE CHIROPRACTIC
fieldsertelchiropractic.com,Fields Ertel Chiropractic
justice-dmd.com,Justice Orthodontics
santaclarachiropracticcenter.com,"Santa Clara Chiropractic Center, Eugene, OR"
knoxfamilychiropractic.com,Knox Chiropractic Clinic
proctorchiropractic.com,Proctor Chiropractic
doctorbeau.com,Pierce Chiropractic and Sports Injury Center
lfsportschiro.com,Lafferty Family Chiropractic
strubleortho.com,struble orthodontics
strawberryvillagedentist.com,Strawberry Village Dentist
kastenchiro.com,Kasten Chiropractic Clinic
inlandchiropracticcenter.com,Inland Chiropractic
highway7chiropractic.com,Highway 7 Chiropractic
wewatchyourback.com,Everett Chiropractic
milwaukiechiropractic.com,Milwaukie Chiropractic
westlakechiropractic.com,West Lake Chiropractic
mdmg.com,Menlo Dermatology Medical Grp
pacificchiropractic.net,Pacific Chiropractic Health
angelinachiropracticlufkin.com,Angelina Chiropractic Ctr
rizzochiro.com,Rizzo Chiropractic Corp
wetheringtonchiropractic.com,Wetherington Chiropractic
chiropracticnaturally.com,Chiropractic Naturally
elcentrodermatology.com,El Centro Dermatology
santucciorthodontics.com,Santucci Orthodontics
driandc.com,Szilagyi Chiropractic
bayhilldental.com,Bay Hill Dental Ltd
tooth-kind.co.uk,toothKind Dentalcare
koeolife.com,KOEŌ Upper Cervical Chiropractic + Massage
pontypriddchiropractic.com,Pontypridd Chiropractic
nikoderm.lutsk.ua,Dermatological center NikoDerm
wellbeing-chiropractic.co.uk,Wellbeing Chiropractic Health Centre
westhillsdermatology.com,West Hills Dermatology Group
richmondsmile.com,Advanced Dental Care of Richmond
tracesidedermatologyandallergy.com,TRACESIDE DERMATOLOGY AND ALLERGY PLC
petitedental.com,Petite Dental & Orthodontics
dermatologyassociatesinc.com,"DERMATOLOGY ASSOCIATES, INC."
ptcares.com,PTCARES PHYSIOTHERAPY AND WELLNESS
fairviewderm.com,FAIRVIEW DERMATOLOGY PLLC
northeasttarrantderm.com,"NORTHEAST TARRANT DERMATOLOGY, INC."
midcitypt.com,MID-CITY PHYSICAL THERAPY & WELLNESS
wabashadentistry.com,Wabasha Dentistry
mycaredental183.com,MyCareDental
prominentpointdentalgroup.com,"PROMINENT POINT DENTAL GROUP AND ORTHODONTICS, LLP"
collierchiro.com,"COLLIER CHIROPRACTIC & ACCIDENT REHABILITATION CENTER, INC"
rocklanddermatology.com,"DERMATOLOGY CENTER OF ROCKLAND, P.C"
akunslotdemo.vip,"Lakeshore Chiropractic and Rehabilitation Center, LLC"
getoffyouracid.com,Gioffre Chiropractic Wellness
mylondonderrydentist.com,Towne Square Dental
empowerphysicaltherapy.net,Empower Physical Therapy
natureofskinatx.com,Nature of Skin Dermatology
centraloregondermatology.com,CENTRAL OREGON DERMATOLOGY PC
castillomulkay.com,"Castillo and Mulkay Dental, PC"
elsegundodermatology.com,"EL SEGUNDO DERMATOLOGY, INC."
integrateddermmv.com,"INTEGRATED DERMATOLOGY OF MISSION VIEJO, APMC"
hamiltonphysicaltherapy.net,HAMILTON PHYSICAL THERAPY LLC
riovalleydermatology.com,"RIO VALLEY DERMATOLOGY, PA"
indonesiainternationalweddingfestival.com,"LEHMAN DERMATOLOGY CLINIC, P.A"
101dental.com,101 DENTAL & ORTHODONTICS
whitepinefamilydental.com,White Pine Family Dental
kearnschiropracticclinic.com,KEARNS CHIROPRACTIC CLINIC INC
excelhealthderm.com,Excel Dermatology of Hawaii
stjosephchiropractic.com,"St. Joseph Chiropractic,LLC"
lookoutvalleychiro.com,Lookout Valley Chiropractic
meseckfamilychiros.com,"Meseck Family Chiropractic, LLC"
precisemoves.com,Precise Moves Chiropractic
ericksonchiros.com,Erickson Family Chiropractic
rfcwc.com,Ryan Family Chiropractic Wellness Center
shipmanchiropractic.com,Shipman Chiropractic
marylandfarmschiro.com,Maryland Farms Chiropractic
robleeortho.com,ROBLEE ORTHODONTICS
dclandry.com,Landry Chiropractic Inc
h2orthopedicpt.com,H2Orthopedic Aquatic & Physical Therapy
dermlasercenter.com,DERMATOLOGY & LASER CENTER OF SAN DIEGO INC
alphachampionchiro.com,"CHAMPION CHIROPRACTIC, LLC"
indigodermatology.com,INDIGO DERMATOLOGY LLC
drboucherderm.com,LONE STAR STATE DERMATOLOGY CLINIC PLLC
summitptaz.com,Summit Physical Therapy AZ
kunschiropractic.com,Kuns Chiropractic Clinic
shippychiropractic.com,Shippy Chiropractic
viaverdedental.com,Via Verde Dental
frontstreetchiro.com,Front Street Chiropractic
tpcwellness.com,"Turning Point Chiropractic, PLLC"
ortho210.com,Britton Orthodontics
zeachiro-lockhart.com,Zea Chiropractic
drgeorgeortho.com,George Orthodontics
drfisherortho.com,Fisher Orthodontics
nevadaderm.com,Nevada Center For Dermatology
everwellfamilychiro.com,Antoniotti Chiropractic Offs
drdixonortho.com,Dixon Orthodontics
chirofitroseville.com,McHale Chiropractic
elmhurstdermatology.com,Elmhurst Dermatology
lagunawoodsderm.com,Laguna Woods Dermatology Med
hurstorthodontics.com,Hurst Orthodontics
thorpechiropractic.com,Thorpe Chiropractic & Rehab
sierrasmilesdental.com,Sierra Smiles Orthodontics
crescentmoonortho.com,Crescent Moon Orthodontics
drwilliamting.com,California Dermatology Ctr
schulzechiro.com,Schulze Chiropractic
holisticmercantile.com,Robertson Chiropractic
traubchiropractic.com,Traub Chiropractic Care Ctr
lakelovelanddermatology.com,"LAKE LOVELAND DERMATOLOGY, PC"
fysio-triple-a.nl,Fysio Triple A
drvictoriahowe.com,DermaGP
physiowerk19.ch,Physio Werk 19 GmbH
smilecorner.be,Smile Corner Belgium
elevationpt.com,Elevation Physical Therapy
watersidedermatology.com,Waterside Dermatology
function1st.com,"FUNCTION 1ST PHYSICAL THERAPY, LLC"
gkderm.com,GK DERMATOLOGY PC
dermatologistmontclairca.com,Woll Dermatology
charlotte-dermatology.com,"SOUTH CHARLOTTE DERMATOLOGY, PC"
mullickdermatology.com,"MULLICK DERMATOLOGY, PLLC"
metropolitaninstitute.com,METROPOLITAN DERMATOLOGY INSTITUTE PLLC
centralutahdermatology.com,Central Utah Dermatology
divinedermatl.com,DIVINE DERMATOLOGY & AESTHETICS LLC
arrowheaddentalgroup.com,"ARROWHEAD DENTAL GROUP AND ORTHODONTICS, LLP"
doctorzag.com,"ZAGARRA ORTHODONTICS, P.A."
optsinc.com,Orthopedic Physical Therapy Specialists
tacomafamilydental.com,Tacoma Family Dental
longislandderm.com,LONG ISLAND DERMATOLOGY PLLC
wesleychapelderm.com,WESLEY CHAPEL DERMATOLOGY LLC
naplesdermdoc.com,HIGH TIDE DERMATOLOGY CENTER LLC
seitzdermatology.com,SEITZ DERMATOLOGY
lookingaheadpt.com,"LOOKING AHEAD PEDIATRIC PHYSICAL THERAPY, PLLC"
hawaiidermatologyandsurgery.com,"HAWAII DERMATOLOGY AND SURGERY, INC"
2bewell.org,Snyder Family Chiropractic
bransonfamilydentist.com,Branson Family Dentistry
dermatologyassociatesofwashington.com,"DERMATOLOGY ASSOCIATES OF SOUTHWEST WASHINGTON, PLLC"
wcpta.net,Wayne Cannon Physical Therapy & Associates
delawareavedental.com,Delaware Avenue Dental
familydermpllc.com,Family Dermatology PLLC
dermjax.com,DERMATOLOGY CLINIC OF JACKSON
westoverhillsdermatology.com,WESTOVER HILLS DERMATOLOGY
azdderm.com,ARIZONA DESERT DERMATOLOGY AND SURGERY PC
fairhurstderm.com,FAIRHURST DERMATOLOGY
westsoundderm.com,"WEST SOUND DERMATOLOGY, PLLC"
whitesandscc.com,WHITE SANDS CHIROPRACTIC CLINIC INC
904dentalcare.com,904 Dental Care
citruschiro.com,Citrus Regional Clinic of Chiropractic
rochetfamilychiro.com,Rochet Family Chiropractic
franklinparkchiro.com,Franklin Park Chiropractic Center
grandtetonchiropractic.com,Grand Teton Chiropractic
wmhopyards.com,Pro Health Family Chiropractic
fulshearkatychiro.com,Integrated Chiropractic & Wellness
backcountrychiropracticnorco.com,Back Country Chiropractic
maxwellchiropractic.com,Maxwell Chiropractic
orangecoastdermatology.com,Orange Coast Dermatology
millvalleydermatology.com,"Haydee Knott, MD - Mill Valley Dermatology"
emberdentalarts.com,Ember Dental Arts
innatechiro.com,Innate Chiropractic of Manhattan
prairieortho.com,Prairie Orthodontics
ensleyortho.com,Ensley Orthodontics
whitehousechiropractic.com,White House Chiropractic
dobsonbaychiro.com,Dobson Bay Chiropractic
metrochirocenter.com,Metropolitan Chiropractic Ctr
treehousedentalpartners.com,R Scott Smith and Associates Orthodontics
vitalforcechiropractic.net,Vital Force Chiropractic Ctr
520disc.com,Sabino Chiropractic
nejatortho.com,Nejat Orthodontics
pnwortho.com,Pacific Northwest Orthodontics
southtylerdermatology.com,South Tyler Dermatology
lampechiropractic.com,LAMPE CHIROPRACTIC
swandermatology.com,Swan Dermatology Ctr
belmontorthodontics.com,Belmont Orthodontics Specs
drbrandonfox.com,Cameron Park Chiropractic
greenwoodchiropractic.net,Greenwood Chiropractic Clinic
evansortho.com,Evans Orthodontics
marascalcodermatology.com,Marascalco Dermatology Clinic
smartchiroclinic.com,Smart Chiropractic
kavanaughortho.com,Kurt Kavanaugh Orthodontics
faulkenberrychiropractic.com,Faulkenberry Chiropractic
fillmanortho.com,Fillman Orthodontics
baycitieschiropractic.com,Bay Cities Chiropractic
deltafamilychiro.com,Delta Family Chiropractic
delmardermatology.com,Del Mar Dermatology
dermfrisco.com,Frisco Dermatology
austinmoderndentistry.com,Austin Modern Dentistry and Orthodontics
couserorthodontics.com,Couser Orthodontics
familychirodoc.com,Reisterstown Family Chiropractic
longridgedermatology.com,Long Ridge Dermatology
signaturesmilesmilpitas.com,Signature Smiles Dental Group
phoenix-physiotherapy.co.uk,Phoenix Physiotherapy
jurassicphysio.com,JURASSIC PHYSIO LIMITED
westgrovedentalcare.com,Westgrove Dental Care
peakbalancept.com,Peak Balance Physical Therapy LLC
dermatologylaserok.com,DERMATOLOGY AND LASER CENTER OF OKLAHOMA
dermatologyofsoutheasternohio.com,"DERMATOLOGY OF SOUTHEASTERN OHIO, INC."
universaldermatology.com,Universal Dermatology & Vein Care
prestonchiro.com,Preston Chiropractic and Rehabilitation
crestlinedentalgroup.com,"CRESTLINE DENTAL GROUP AND ORTHODONTICS, LLP"
northcountyderm.com,North County Dermatology Center
rrdermatologylaser.com,RIVER REGION DERMATOLOGY AND LASER INC
dermskincancercenter.com,METRO EAST DERMATOLOGY & SKIN CANCER CENTER LLC
andrewschiro.net,Andrews Family Chiropractic Clinic
vanderlindept.com,Vanderlinde Physical Therapy
hillcrestortho.com,"Hillcrest Orthodontics, P.C."
bellevue-chiropractor.com,ONCKEN CHIROPRACTIC CLINIC
sacredheartdermatology.com,Sacred Heart Dermatology
thetruedentalgroup.com,True Dental Group
koffchiropractic.com,A Koff Chiropractic Clinic
springhilldentalnlr.com,Springhill Dental: Shearer Ryan DDS
dermsf.com,DERMATOLOGY MEDICAL GROUP OF SAN FRANCISCO INC
beardenchiropractic.com,"BEARDEN CHIROPRACTIC CLINIC, P.C."
rivderm.com,"RIVERGATE DERMATOLOGY, PLLC"
chevychasedermatology.com,"CHEVY CHASE DERMATOLOGY, LLC"
schwarzderm.com,Schwarz Dermatology PLLC
fortworthderm.com,Dermatology and Laser Center of Fort Worth
thespecialtycenterpdi.com,"THE SPECIALTY CENTER FOR PERIODONTICS & DENTAL IMPLANTS, LLC"
pinpoint-pt.com,Pin Point Physical Therapy
swedefamilychiropractic.com,Swede Family Chiropractic
afcmesa.com,"Atkinson Family Chiropractic, PC"
silviafamilychiro.com,Silvia Family Chiropractic
mulhallfamilychiropractic.com,Mulhall Family Chiropractic
woodcrestchiropractic.com,Woodcrest Chiropractic Offices
diablochiro.com,Diablo Chiropractic
stokescarterortho.com,Stokes Orthodontics
tsschiropractorspringfieldmo.com,The Source Specific - Upper Cervical Chiropractic Care
etobicokechiropractor.com,Dr. Chrystopher M. Sly Chiropractic Professional Corporation
huronandhighburychiropractic.ca,Huron and Highbury Chiropractic Office
goldstarchiro.com,Gold Star Chiropractic Inc
primecarechiropt.com,PrimeCare Chiropractic & Physical Therapy
ratiowellness.com,Ratio Wellness & Chiropractic
charlescountyderm.com,"CHARLES COUNTY DERMATOLOGY ASSOCIATES, L.L.C."
drgarymiller.com,SPRINGFIELD FAMILY CHIROPRACTIC
hoffsmiles.com,Hoff & Tracey Orthodontics
longbeachdermdocs.com,COMPREHENSIVE DERMATOLOGY OF LONG BEACH PC
atlanticchirofl.com,Atlantic Chiropractic and Wellness Center
moorestownderm.com,"MOORESTOWN DERMATOLOGY ASSOCIATES, P.A."
lindellchiropractic.com,Lindell Chiropractic
drnoble.net,Enterprise Chiropractic Clinic
bautistachiro.com,Bautista Chiropractic Care
adamsclinic.com,Adams Chiropractic Health Ctr
napervilledermatology.com,Dermatology and Cosmetic Skin Surgery
epcmckinney.com,Elite Performance Chiropractic - McKinney
garrowchiropractic.com,Garrow Family Chiropractic
tuskenchiropractic.com,Tusken Chiropractic & Acupunc
wiseleeortho.com,Wise Orthodontics
taberchiropractic.com,Taber Chiropractic
oklahomacitychiropractor.net,Chiaf Chiropractic Clinic
bazzanichiropractic.com,Bazzani Chiropractic
modernorthonyc.com,Chambers Street Orthodontics
allenderm.com,Allen Dermatology & Skin Care
laquintachiropractor.net,Le Roy Chiropractic
advancedreliefdenton.com,Advanced Relief Chiropractic
westvalleychiro.com,West Valley Chiropractic
schmidtfamilychiropractic.com,Schmidt Family Chiropractic
fickchiropractic.com,Fick Chiropractic
skinmatters.net,Greater Washington Dermatology
rockefellerhealthmedical.com,Rockefeller Health & Medical Chiropractic
p3chiroandsportscare.com,"P3 CHIROPRACTIC AND SPORTS CARE, INC."
cedarcreekdental.com,Cedar Creek Dental Center
turnpaughhwc.com,TURNPAUGH CHIROPRACTIC HEALTH AND WELLNESS CENTER PC
bostonphysio.co.uk,BOSTON PHYSIOTHERAPY LIMITED
dentalcarelondon.co.uk,DENTAL CARE LONDON LIMITED
chiropractoryork.co.uk,SIMPLY CHIROPRACTIC YORK LIMITED
nsdermatology.com,North Suburban Dermatology Associates
howard-county-chiropractic.com,HOWARD COUNTY CHIROPRACTIC SPINE & SPORTS REHABILITATION. LLC
alldermatology.com,Allergy & Dermatology Specialists
familydermalbemarle.com,"FAMILY DERMATOLOGY OF ALBEMARLE, PLC"
centralmnderm.com,Central Minnesota Dermatology
halcyonderm.com,Halcyon Dermatology
northsoundderm.com,"NORTH SOUND DERMATOLOGY PC, INC."
petersderm.com,PETERS DERMATOLOGY CENTER
rheumderm.com,"RHEUMATOLOGY AND DERMATOLOGY ASSOCIATES, PC"
dermsc.com,ADVANCED DERMATOLOGY INC.
hampshiredermatology.com,Hampshire Dermatology and Skin Health Center
cedarcitychiroandrehab.com,CEDAR CITY CHIROPRACTIC AND REHABILITATION
drbutera.com,BUTERA CHIROPRACTIC LLC
brazosvalleypt.com,Brazos Valley Physical Therapy
americandermatology.net,AMERICAN DERMATOLOGY ASSOCIATES INC
westtexasclinic.com,WEST TEXAS CLINIC OF CHIROPRACTIC
easttndermatology.com,"EAST TENNESSEE DERMATOLOGY GROUP, PC"
pearsonphysiotherapy.com,"PEARSON PHYSIOTHERAPY SPECIALISTS, LLC"
healthysmiledentalllc.com,Healthy Smile Dental LLC
bridgewaydentalny.com,Bridgeway Dental
glencoefamilychiropractic.com,Glencoe Family Chiropractic
bellplazachiro.com,Bell Plaza Chiropractic
capitolchiroandwellness.com,Capitol Chiropractic Wellness Center
oppfamilychiropractic.com,Opp Family Chiropractic
henkenorthodontics.com,Henken Orthodontics
meiningerfamilychiropractic.com,Meininger Family Chiropractic
gojubileefamily.com,Jubilee Family Chiropractic & Scoliosis Solutions
marshall-chiro.com,Mashell Chiropractic Clinic
islipchiropractic.com,Islip Chiropractic
thedoctorinyou.com,Johnsburg Chiropractic and Wellness Center
restorationbodyworkspt.com,Restoration Bodyworks Physical Therapy
northbeachchiro.com,North Beach Chiropractic
i-healthpt.com,I Health Physical Therapy INC
global-pt.com,Global Physical Therapy
drkylierowept.com,Living Healthy Physical Therapy
perfectsmilescalifornia.com,Perfect Smiles California
judsonchiropractic.com,Judson Family Chiropractic
oceanranchchiropractic.com,Ocean Ranch Chiropractic
embraceyoursmile.us,"CULBERSON FAMILY ORTHODONTICS, LLC"
rhinochiropractic.com,Rhino Chiropractic
hocoderm.com,"DERMATOLOGY AND ADVANCED SKIN CARE, INC"
sonomaderm.com,"REDWOOD EMPIRE DERMATOLOGY, INC"
cranestreetdermatology.com,CRANE STREET DERMATOLOGY
northmountaindermatology.com,NORTH MOUNTAIN DERMATOLOGY LTD
kernerchiropractic.com,Kerner Chiropractic Ctr
ocdentalgroup.com,O.C. Dental Group
keeganchiro.com,Keegan Chiropractic Sports and Wellness Clinic
metcalfchiropractic.com,Metcalf Chiropractic Center
greenfamilychiro.com,Green Family Chiropractic
tomballspine.com,Tomball Chiropractic Center Pc
ashfordchiro.com,Ashford Chiropractic Center
drbryant.net,Bryant Clinic Of Chiropractic
carpenterorthodontics.com,Carpenter Orthodontics
lawrencevilledermatology.com,Lawrenceville Dermatology
profiderr.com,Dooley Family Chiropractic
swisschiropractic.com,Swiss Chiropractic
drglenschaffer.com,San Carlos Chiropractic
hillsboroortho.com,Hillsboro Orthodontics
pacifichighwaychiropractic.com,Pacific Highway Chiropractic
arvidsonhealth.com,Arvidson Chiropractic
spartanchiro.com,Spartan Family Chiropractic
georginapitcher.co.uk,Georgina Pitcher Chiropractic
thecardiffchiropractor.com,Andy Davies Chiropractic Clinic
chiropractie-enschede.nl,Chiropractic Centrum Enschede
wellbeingchiropractic.nl,Wellbeing Chiropractic Amsterdam
copachiropracticnewport.co.uk,Copa Chiropractic
inmotionptny.com,IN MOTION PHYSICAL THERAPY OF NY
summitptp.com,Chapman Physical Therapy
greensborodermatology.com,"GREENSBORO DERMATOLOGY ASSOCIATES, P.A"
thomasortho.com,Thomas Orthodontics
dreamlanddental.com,Dreamland Dental & Orthodontics
drbreadon.com,Aesthetic Dermatology and Laser Surgery
rocderm.com,"UNIVERSAL DERMATOLOGY, PLLC"
devoredermatology.com,Devore Dermatology
circlechiropracticcenter.com,Circle Chiropractic Center
kvphotels.com,King Street Chiropractic Wellness Center
waimeasmiles.com,Waimea Smiles
highplainspt.net,High Plains Physical Therapy
schwartzpt.com,Schwartz Physical Therapy
riverdentalcare.com,River Dental Care
hastingdentalarts.com,Dental Arts of Hastings-on-Hudson
healthstrongchiropractic.com,HealthStrong Chiropractic & Rehabilitation
smiles-r-us.com,Smiles-R-Us
alamedaphysicaltherapy.org,Alameda Physical Therapy
farnsworthfamilyorthodontics.com,Legacy Smiles
centralfldermatology.com,WINTER HAVEN DERMATOLOGY PA
belamiderm.com,BEL-AMI DERMATOLOGY PA
txdermatology.com,"TEXAS DERMATOLOGY & SKIN CANCER CENTER, PLLC"
delcampoderm.com,DEL CAMPO DERMATOLOGY LLC
discc.com,"DERMATOLOGY INSTITUTE & SKIN CARE CENTER, INC."
bethelvisioncenter.net,"COASTAL VALLEY DERMATOLOGY ASSOCIATES, INC"
peopleschiropractic.net,THE PEOPLE'S CHIROPRACTIC CLINIC PLLC
advanceddermor.com,ADVANCED DERMATOLOGY OF OREGON
wrightdermatology.com,"WRIGHT DERMATOLOGY, PLLC"
affinitydermatology.com,Affinity Dermatology PLLC
dovoranyorthodontics.com,Dovorany Orthodontics
clingerchiropractic.com,Clinger Chiropractic Center
vafamilychiropractic.com,Sonak Family Chiropractic
zchiro.com,Zabrosky Chiropractic and Wellness Center
coastalchirocenter.com,Coastal Chiropractic Center
niequistchiropractic.com,Niequist Chiropractic
mynewalbanychiropractor.com,The Wellness Center | McAllister Chiropractic
wevegotyourbacknb.com,New Bern Chiropractic Care
eastsidefamilychiropractic.com,Eastside Family Chiropractic
lansingdermatologycenter.com,Mid Michigan Dermatology
blawlesschiropractic.com,Lawless Chiropractic
drpaulbostononline.com,Maximum Chiropractic LLC
prismphysicaltherapy.com,PRISM Physical Therapy
portcitychiro.com,Port City Chiropractic
arenachiropracticclinic.com,Arena Chiropractic Clinic
tschiro.com,Trevens Specific Chiropractic
martyclinic.com,Marty Chiropractic Clinic
bingerchiropractic.com,Binger Chiropractic Clinic
chiropracticfirstofiowa.com,Chiropractic First of Iowa
treeoflifepedandfamilychiro.com,Tree of Life Pediatric and Family Chiropractic
williamsperformancept.com,Williams Performance Physical Therapy
sertellchiropracticclinic.com,Sertell Chiropractic Clinic
pearlcosmeticdds.com,Pearl Cosmetic & Family Dentistry
dentistparistx.com,Paris Family Dental
integrativeptwellness.com,"Integrative Physical Therapy and Wellness, LLC"
covinachiro.com,Covina Chiropractic
burconchiropractic.com,Burcon Chiropractic
craftptslc.com,"Craft Physical Therapy, PLLC"
excelatl.com,Excel Chiropractic
activecarerx.com,East Falls Chiropractic
dermatologyofsouthflorida.com,SOUTH KENDALL DERMATOLOGY
heightsderm.com,Heights Dermatology and Laser
drganschow.com,BACK IN MOTION FAMILY CHIROPRACTIC
acwcare.com,ADVANCED CHIROPRACTIC WELLNESS CARE
mckinneydermcenter.com,Warthan Dermatology Center
leadingedgechiro.com,Leading Edge Chiropractic
merrimacfamilychiro.com,Merrimac Family Chiropractic
bayridgeskinandcancer.com,Bay Ridge Dermatology
berkeleyorthodontics.com,Berkeley Orthodontics
kaplanchiro.com,Kaplan Chiropractic Office
berkeleyflow.com,Flow Chiropractic and Family Wellness Center
swchealth.com,South West Chiropractic
morethanchiropractic.com,Sirucek Chiropractic Clinic
erortho.com,Eagle River Orthodontics
blackhawkortho.com,Blackhawk Orthodontics
doyle-chiropractic.com,Doyle Chiropractic
beattieortho.com,Beattie Family Orthodontics
southlyonorthodontics.net,South Lyon Orthodontics
secrestfamilychiropractic.com,Secrest Family Chiropractic
paragondermatology.com,Paragon Dermatology
rhodes-chiropractic.com,Rhodes Chiropractic
healthyskinmd.com,Associates In Dermatology
premierorthodontics.com,Premier Orthodontics
rankinfiumeortho.com,Dr. Todd H. Rankin Orthodontics
demosschiropractic.com,De Moss Chiropractic
kalamazoodermatology.com,Kalamazoo Dermatology Inc
cramerchiropracticrehab.com,Cramer Chiropractic
adamschiropractic.com,Adams Chiropractic Offices Inc
walkerchiroclinic.com,Walker Chiropractic Clinic
corcoranchiropractic.com,Corcoran Chiropractic
orthoquo.com,Mid Peninsula Orthodontics
calumetdermatology.com,Calumet Dermatology Assoc
wellspinemichigan.com,Wellspine Chiropractic
burnschiro.com,Burns Chiropractic
anchoragespinalcare.com,Anchorage Chiropractic Clinic
legacybraces.com,LEGACY ORTHODONTICS
memorialchiropracticclinic.com,Houston Chiropractic Clinic
mortenson-ortho.com,Mortenson Orthodontics
royaloakchiropractic.com,Royal Oak Chiropractic Clinic
heckerderm.com,Hecker Dermatology Group PA
cousineauchiropractic.com,Cousineau Chiropractic Center
alamooaksderm.com,Alamo Oaks Dermatology
skinangel.com,"Agha Advanced Dermatology, PC"
back2backchiro.co.uk,Back 2 Back Chiropractic Clinics
exceedphysiotherapy.co.uk,Exceed Physiotherapy
elvadent.am,ELVA Dental Clinic
revolutionptky.com,Revolution Physical Therapy
newhavendentalcare.com,"New Haven Dental: Nicole M. Matthews, DDS - Luke R. Komotos, DDS"
dunwoodyderm.com,"DUNWOODY DERMATOLOGY, LLC"
drchengderm.com,"GULFSHORE DERMATOLOGY AT CORALWOOD, PA"
skinwellnessdermatology.com,"SKIN WELLNESS DERMATOLOGY ASSOCIATES, PA"
lincolnderm.com,Lincoln Road Dermatology
pghskincancerctr.com,"PITTSBURGH DERMATOLOGY AND SKIN CANCER CENTER, P.C."
integradermatology.com,INTEGRA DERMATOLOGY PA
mccraydermatology.com,McCray Dermatology
midcderm.com,"MID-COLUMBIA DERMATOLOGY, LLC"
creativesmilesvirginiabeach.com,Creative Smiles
theskinrehab.com,Skin Rehab Dermatology / Aesthetics
akashapt.com,Akasha Physiotherapy
reflectionsdermatology.com,REFLECTIONS DERMATOLOGY AND CENTER FOR SKIN CARE PLLC
stonesriverdermatology.com,STONES RIVER DERMATOLOGY PLC
colibrichiropractic.com,"COLIBRI CHIROPRACTIC CLINIC, LLC"
innovativedentalandorthodontics.com,"INNOVATIVE DENTAL & ORTHODONTICS, P.A."
gowriechiro.com,GOWRIE FAMILY CHIROPRACTIC CLINIC PC
vitachiropractic.net,"VITA CHIROPRACTIC CLINIC, LLC"
dpgchicago.com,"DERMATOLOGY PHYSICIANS GROUP, LLC"
riverhillsclinic.com,RIVER HILLS CHIROPRACTIC CLINIC INC
supertoothdentistry.com,Supertooth Dentistry
424cd.com,"424 COSMETIC DERMATOLOGY, INC."
rgvoralsurgery.com,CARDENAS DENTAL IMPLANTS AND ORAL SURGERY
orthodontist-in-westchester.us,Purchase Park Orthodontics of Westchester
dpdentalstudio.com,Des Plaines Dental Studio
balancechiropractic.net,Balance Chiropractic
lovettfamilychiro.com,Lovett Family Chiropractic & Wellness Center
uppercervicalmiami.com,Atlas Specific Chiropractic
welladjustedfamily.com,Shtulman Family Chiropractic
neccga.com,Northeast Chiropractic Center (770)451-9494
bridgeschiro.com,Bridges Chiropractic Clinic
kentuckyfamilychiropractic.com,Kentucky Family Chiropractic
healthpluschiropractic.com.au,Chiropractic Health Plus
stanfordchiropractic.com,Stanford Chiropractic
sheltonfamilychiropractic.com,Shelton Family Chiropractic & Physical Therapy
coastlinedermatology.com,Coastline Dermatology Laser
goshgarianortho.com,Goshgarian Orthodontics
pinesfamily.com,Pines Family Chiropractic
bottichiropractic.com,Botti Chiropractic & Wellness
elevationderm.com,ELEVATION DERMATOLOGY LLC
qualitychirova.com,QUALITY CHIROPRACTIC & REHAB
haggardchiro.com,Haggard Chiropractic
avanzaresf.com,Chiropractic Sports Therapy
shastaorthodontics.com,Shasta Orthodontics
chulavistachiropracticclinic.com,South Bay Family Chiropractic
magnessorthodontics.net,Magness Orthodontics
sacdermatology.com,Calkin And Boudreaux Dermatology Asssociates
lakemeridianchiropractic.com,Lake Meridian Chiropractic
altavista.dental,Alta Vista Dental
chicagolandnucca.com,LANEVILLE FAMILY CHIROPRACTIC
rickardschiropractic.com,Rickards Chiropractic
calfeechiro.com,Calfee Chiropractic Ctr
clickfamilychiropractic.com,Click Chiropractic
traversortho.com,Travers Orthodontics Pa
cnorthodontics.com,Cavanaugh Orthodontics
fairviewchiropractic.ca,Fairview Chiropractic Clinic
axelsonchiropractic.com,Axelson Chiropractic Health
vital-linkchiropractic.com,Vital Link Chiropractic. PC
chicagoorthodontics.com,WICKER PARK ORTHODONTICS
milligandermatology.com,Milligan Dermatology
heyingortho.com,Heying Orthodontics
hasleycanyondental.com,Hasley Canyon Dental Group and Orthodontics
skincaredrs.com,"Skin Care Doctors, P.A."
calmchiropdx.com,Ashton Chiropractic Ctr
ramseydentists.com,"VALLEY DENTAL GROUP, LLC"
whitleybaychiropractic.co.uk,WHITLEY BAY CHIROPRACTIC LIMITED
nwchiropractic.co.uk,NORTH WALSHAM CHIROPRACTIC CLINIC
active-viii.org,Active VIII Physiotherapy & Sports Physio
dermis-aesthetics.co.uk,MD Medical Aesthetics Ltd
hillmedical.co.uk,Hill Medical Skin & Health Clinic
evolution-physio.co.uk,Evolution-Physio
coredelaware.com,C.O.R.E Physical Therapy
blueharbordermatology.com,BLUE HARBOR DERMATOLOGY INC
physioandsportsrehab.com,PHYSIOTHERAPY & SPORTS REHAB LLC
mcleandermatology.com,DERMATOLOGY ASSOCIATES OF MCLEAN
dcnms.com,"DERMATOLOGY CLINIC OF NORTH MISSISSIPPI, P.L.L.C."
liveandsmiledental.com,Live & Smile Dental & Orthodontics
northmetroderm.com,"NORTH METRO DERMATOLOGY, PLLC"
firstcoastdermatology.com,FIRST COAST DERMATOLOGY P A
aestheticdermskincancer.com,AESTHETIC DERMATOLOGY & COSMETIC SURGERY INC
laserderm.com,"DR. DONNA A. SERURE, DERMATOLOGY PC"
shahdermatology.com,SHAH DERMATOLOGY LLC
lacadermatology.com,"LACA DERMATOLOGY, INC"
chicagotheaters.com,Sligh Clinic Of Chiropractic
drdewald.com,DEWALD CHIROPRACTIC INC
camrockchiro.com,Cameron Chiropractic Clinic
performancedentalsite.com,PERFORMANCE DENTAL CENTER PLLC
physicaltherapygrouplouisville.com,Bardstown Road Physical Therapy Group
sonoranvistadentistry.com,Sonoran Vista Dentistry
lubbockdermatology.com,LUBBOCK DERMATOLOGY AND SKIN CANCER CENTER
drrdelaire.com,DELAIRE CHIROPRACTIC CLINIC INC
johnscreekdermatology.com,"JOHNS CREEK DERMATOLOGY AND FAMILY MEDICINE, P.C."
rochesterskin.com,"DERMATOLOGY CENTER OF ROCHESTER HILLS, P.C."
derrowdermatology.com,"DERROW DERMATOLOGY ASSOCIATES, LLC"
cincyskin.com,CincySkin Medical and Cosmetic Dermatology
legendsdermatology.com,"LEGENDS DERMATOLOGY, LLC"
drdennisharris.com,"HARRIS CHIROPRACTIC CLINIC, LLC"
reedmd.com,"REED DERMATOLOGY NORTHWEST, LLC"
morrellderm.com,MORRELL DERMATOLOGY
azpremierderm.com,"ARIZONA PREMIER DERMATOLOGY, LLC"
sm-pt.com,Sports Medicine & Physical Therapy (SM&PT)
docjoseph.com,"Integrated Chiropractic, PLLC"
bishopchiropractic.net,Bishop Chiropractic
lucaschiropractic.com,Lucas Chiropractic Clinic
spine-health.com,Chiropractic Health Care
avistachiropractic.com,Avista Chiropractic
togelhariini.icu,Universal Chiropractic and Nutrition Center
adlerchiro.com,"Adler Comprehensive Chiropractic, LLC"
falitechiropractic.com,Falite Family Chiropractic
applyhealthtoyourlife.com,"Complete Chiropractic Center, PLLC"
seibertchiro.com,Seibert Chiropractic
gallatinchiropractic.com,Tigges Chiropractic & Wellness
cary-chiropractor.com,Weston Chiropractic
portlandbacksmith.com,Portland Backsmith Chiropractic
artisticpt.com,Artistic Athletics Physical Therapy and Performance
reachhealthandwellness.com,Reach Health and Wellness Chiropractic
greatlakesspineandsport.com,Seppo Chiropractic
spanawaydentalwellness.com,Spanaway Dental Wellness
drlang.com,Mountainview Chiropractic Center
dirkschiro.com,Dirks Chiropractic & Laser Therapy
smiles4lifedental.com,Smiles for Life Dental Care - Best Dental Implants & Dentures
bunchchiropractic.com,Bunch Chiropractic
letsmovephysicaltherapy.com,LETS MOVE PHYSICAL THERAPY
synergyphysios.com,Synergy Physiotherapy and Wellness
fordchiropractic.com,Ford Chiropractic Inc.
focus-physicaltherapy.com,"Focus Physical Therapy & Sports Medicine, LLC"
firststepschiropractic.com,First Steps Chiropractic
center4wellness.com,Hanes Chiropractic Wellness Center
beeridgechiro.com,BEE RIDGE CHIROPRACTIC PLLC
mncenterfordentalcare.com,MN Center For Dental Care
wowfamilychiropractic.com,"WOW FAMILY CHIROPRACTIC, INC"
frontrangechiro.com,Front Range Family Health & Chiropractic
drbaker.net,Today's Family Dentistry
myadvancedchiro.com,"ADVANCED CHIROPRACTIC SOLUTIONS, L.L.C."
shoredermatology.net,Shore Dermatology
livermorekidsdentist.com,Pediatric Dentistry and Orthodontics of Livermore
bellistreitsmiles.com,BELLI & STREIT ORTHODONTICS
farhoumanddentistry.com,FARHOUMAND DENTISTRY
1sourcecenter.com,1 SOURCE CHIROPRACTIC & PHYSICAL MEDICINE CENTER INC
mediapolisnaturalhealth.com,"MEDIAPOLIS CHIROPRACTIC CENTER, PLLC"
chiropracticnutritionsolutions.com,CHIROPRACTIC NUTRITION SOLUTIONS
dahlkeortho.com,DAHLKE ORTHODONTICS LLC
milfordadvancedchiro.com,Advanced Chiropractic of Milford
gostewarthealth.com,STEWART CHIROPRACTIC CENTER PC
drbrandondc.com,BLUE RIDGE CHIROPRACTIC AND LIFE CENTER
ashchiropracticandwellness.com,ASH CHIROPRACTIC & WELLNESS PC
drgingerwolfe.com,"WOLFE CHIROPRACTIC AND FUNCTIONAL MEDICINE, INC."
drjaychiropractic.com,Marienthal Chiropractic Health & Wellness Center
revivalchiropractic.com,REVIVAL CHIROPRACTIC LLC
agavept.com,AGAVE PHYSICAL THERAPY LLC
fairhavendermatology.com,"FAIRHAVEN DERMATOLOGY, PLLC"
hullchirocare.com,HULL CHIROPRACTIC
bonillachiropractic.com,BONILLA CHIROPRACTIC
berglundchiro.com,Berglund Chiropractic & Wellness
promassagenow.com,PROMASSAGE & CHIROPRACTIC INC
jenniferbrooksdc.com,Brooks Chiropractic
longmontmoderndentistry.com,"LONGMONT MODERN DENTISTRY AND ORTHODONTICS, LLP"
feelgr8.com,BACK IN ACTION CHIROPRACTIC CENTER PC
deeshealth.com,DEES FAMILY CHIROPRACTIC INC.
meyermedicalandchiropractic.com,MEYER MEDICAL AND CHIROPRACTIC
reflectionsortho.com,"REFLECTIONS ORTHODONTICS, P.C"
southtexasorthodontics.com,"SOUTH TEXAS ORTHODONTICS, PLLC"
riverchiro.com,"RIVER CHIROPRACTIC & WELLNESS CENTER, LLC"
8flagschiropractic.com,8 FLAGS CHIROPRACTIC
carusdental.com,Carus Orthodontics
monumentdentists.com,"MONUMENT DENTISTS AND ORTHODONTICS, LLP"
cedarriverchiropractic.com,"CEDAR RIVER CHIROPRACTIC, LLC"
manzanitakidsdds.com,MANZANITA KIDS DENTISTRY & ORTHODONTICS
deangelochiropractic.com,DeAngelo Chiropractic
ewingchiropractic.com,EWING CHIROPRACTIC LLC
taihealthsolutions.com,TAI Chiropractic
cjchiropractic.com,"CJ CHIROPRACTIC, LLC"
bodyhealingchiropractic.com,"BODY HEALING CHIROPRACTIC, LLC"
eyerlychiropractic.com,EYERLY CHIROPRACTIC OFFICES INC
ejortho.com,JAMESEN ORTHODONTICS
lovingcarechiropractic.com,LOVING CARE FAMILY CHIROPRACTIC
vanderloochiropractic.com,Vanderloo Chiropractic Clinic
docvaughn.com,TEXAS CHIROPRACTIC & FAMILY WELLNESS PA
docsidechiropractic.com,DOCSIDE CHIROPRACTIC LLC
spinelifechiropractic.com,"SPINE LIFE CHIROPRACTIC, LLC"
doctorschwartzman.com,SCHWARTZMAN CHIROPRACTIC CLINIC LLC
bpinsdc.com,PINS FAMILY CHIROPRACTIC
htxchiro.com,HTX CHIROPRACTIC
bracesbob.com,"Mattioli Orthodontics, LTD"
portalfamilydentistry.com,PORTAL FAMILY DENTISTRY & ORTHODONTICS PLLC
nasachiropractic.com,"NASA CHIROPRACTIC, PLLC"
spchiro.net,Family Chiropractic Center of Santa Fe
vuchiropractic.com,VU CHIROPRACTIC LLC
kidsdentalpals.com,Kids Dental Pals & Orthodontics
prosperphysicaltherapysd.com,Prosper Physical Therapy and Pelvic Rehab
peakptmdt.com,Peak Physical Therapy
movingandgroovingpt.com,Moving and Grooving Pediatric Physical Therapy
balancedchiros.com,Balanced Chiropractic
amitydentistry.com,Amity Dentistry
nwcomaha.com,NORTHWEST CHIROPRACTIC P.C.
elitesportschiropractic.com,ELITE SPORTS CHIROPRACTIC
byerschiro.com,Byers Chiropractic & Massage
performancechiropracticclinic.com,Performance Chiropractic Clinic
southmainchiropractic.net,SOUTH MAIN CHIROPRACTIC CLINIC- High Point
chiropracticauburn-al.com,"Dr. Le's Chiropractic and Wellness, LLC"
bhfranklindental.com,BH Franklin Dental
theedgechiropractic.com,The Edge Chiropractic Center
connectedphysicaltherapy.com,"Connected Physical Therapy, LLC"
goingsorthdontics.com,GOINGS ORTHODONTICS
smileleaguedental.com,Smile League Dental
bodybasicspt.net,Body Basics Physical Therapy
gorevelation.com,Revelation Chiropractic
docreydc.com,West Coast Chiropractic and Wellness
everythingspine.com,Everything Spine Chiropractic & Wellness
shiftoakland.com,The Shift Chiropractic
fredoniaphysicaltherapy.com,Fredonia Physical Therapy
frontrunnerphysiotherapy.com,Front Runner Physiotherapy
sweetgrassortho.com,Sweetgrass Orthodontics
plainsphysicaltherapy.com,Plains Physical Therapy PC
drhughesortho.com,David Hughes Orthodontics
drdelson.com,Delson Chiropractic
halseychiropractic.com,HALSEY CHIROPRACTIC AND ACUPUNCTURE PLLC
encompasschiropractic.com,ENCOMPASS CHIROPRACTIC CENTER
vermontoralsurgery.com,"VERMONT CENTER FOR DENTAL IMPLANTS & MAXILLOFACIAL SURGERY, LLC"
pricefamilyortho.com,Price Family Orthodontics
okcwellness.com,"CHIROPRACTIC ARTS CENTER, INC."
lifegivingchiro.com,LIFEGIVING CHIROPRACTIC SAN JOSE P.C.
bracesdocs.com,L&M Orthodontics
swinsonchirofl.com,SWINSON CHIROPRACTIC & TOTAL HEALTH CENTER INC
edwardschiro.com,EDWARDS CHIROPRACTIC AND ACUPUNCTURE CENTER LLC
honorboxchiropractic.com,Honor Box Chiropractic
wuchiropractic.com,"WU CHIROPRACTIC CARE, INC."
refinedsmiles.com,"YARBROUGH ORTHODONTICS, PA"
cherreortho.com,Cherre Orthodontics
communitychiropracticps.com,COMMUNITY CHIROPRACTIC PS
braceteam.com,BAYER & CURTIS ORTHODONTICS
pointphysio.com,Pointphysio / Geoff Foat Physiotherapy / Green Point
fulllifechiro.com,FULL LIFE CHIROPRACTIC PLLC
bondurantchiro.com,"BONDURANT FAMILY CHIROPRACTIC, PC"
axischiroclinic.com,Axis Chiropractic & Massage Clinic
winesfamilywellness.com,Family Chiropractic Wellness & Holistic Healthcare Center
zahnchiropractic.com,Zahn Chiropractic
drvesci.com,Chiropractic Center of New Britain
crusadechiropractic.com,CRUSADE SPECIFIC CHIROPRACTIC
altoonachiropractor.com,SUNTKEN FAMILY CHIROPRACTIC LLC
fairfaxchirocenter.com,FAIRFAX CHIROPRACTIC CENTER PLLC
drkerriward.com,"ACHIEVING WELLNESS CHIROPRACTIC CENTER, LLC"
mbrownortho.com,"MB ORTHODONTICS, PLLC"
doctorpotter.com,POTTER CHIROPRACTIC
perfectcirclechiropractic.com,Perfect Circle Chiropractic
mydramy.com,"FORUM CHIROPRACTIC, PA"
uticachiropracticclinic.com,"UTICA CHIROPRACTIC CLINIC, PC"
tangholistichealthcare.com,TANG HOLISTIC CHIROPRACTIC PA
millerchirocenter.com,"MILLER CHIROPRACTIC CENTER, INC."
durangochiropractic.com,DURANGO CHIROPRACTIC CLINIC
elpasoaktiv.com,"AKTIV INTEGRATIVE CHIROPRACTIC, PLLC"
drwunderchiro.com,WUNDERLICH CHIROPRACTIC CLINIC PA
paramountchiropractic.com,PARAMOUNT CHIROPRACTIC INC
healthsourceofmelbourne.com,CROTON CHIROPRACTIC CLINIC P. A.
hemetvalleyorthodontics.com,"Hemet Valley Orthodontics - Nathan J. Granillo, DDS"
drlatino.com,"INTEGRATED CHIROPRACTIC HEALTHCARE, P.A"
kingchiro1.com,"KING CHIROPRACTIC, A SHAPIRO PROFESSIONAL CORPORATION"
seagatechiropractic.com,SEAGATE CHIROPRACTIC LLC
texasorthodonticsforkids.com,"TEXAS ORTHODONTICS FOR KIDS, PC"
enchantressderma.com,Enchantress Dermatology & Research
positivechiropractic.com,"POSITIVE CHIROPRACTIC SOLUTIONS, PLLC"
whitmirechiropracticwellness.com,WHITMIRE CHIROPRACTIC
outboundrehab.com,Outbound Physical Therapy & Rehab
revivealaska.com,Revive Aesthetics & Wellness
almadenfamilychiropractic.com,Almaden Family Chiropractic
spinebydesignchiropractic.com,Spine By Design Chiropractic
adriennestewartmd.com,Aesthetic Surgery & Dermatology of Cherry Creek
optimizecolumbus.com,Optimize Chiropractic
geneseoorthodonticsandpediatricdentistry.com,GENESEO ORTHODONTICS AND PEDIATRIC DENTISTRY PLLC
blackhawkchiropractor.com,Plaza Chiropractic and Massage Therapy
newleafhealthclinic.com,New Leaf Chiropractic & Wellness P.S.
brickelldentalassociates.com,Brickell Dental Associates / Dr. Jose Delgado
grantchiro.com,Grant Chiropractic & Physical Rehab
thegolfclinicsprings.com,The Chiropractic TRUHEALTHDR
smartbodychiro.com,"SMART BODY CHIROPRACTIC & WELLNESS, P.C."
completewellnesscare.com,Complete Care Chiropractic Clinic
premierdermoffl.com,PREMIER DERMATOLOGY OF FLORIDA LLC
rockfamilychiropractic.com,"ROCK FAMILY CHIROPRACTIC, PA"
pinnacledpt.com,Pinnacle Physical Therapy Little Rock
accidentchirowa.com,Kennewick Chiropractic Injury Clinic
goalivechiro.com,Alive Chiropractic
myvivachiro.com,Viva Chiropractic & Wellness
cadeorthodontics.com,CADE ORTHODONTICS PA
optptandwellness.com,OPT Physical Therapy and Wellness LLC
drmckinzie.com,McKinzie Chiropractic & Nutrition
awakenfamilychiro.com,Awaken Family Chiropractic
amplifychiropractic.com,Amplify Chiropractic
proactive-pt.com,ProActive Physical Therapy
seaonechiro.com,Sea One Family Chiropractic
performexpt.com,PerformEX Physical Therapy and Sports Rehabilitation
blossompilatespt.com,Blossom Pilates & Physical Therapy
healingchiropractors.com,Healing Chiropractic and Rehab
tridenthealthchiropractic.com,Trident Health and Chiropractic
illumin8chiro.com,Illumin8 Chiropractic
georgiadentalstudio.com,Georgia Dental Studio
bassdentistry.com,Bass Dentistry
optimalchirond.com,Optimal Chiropractic
drkehr.com,"KEHR CHIROPRACTIC, INC"
oldbetsydental.com,Old Betsy Dental Of Keene
carolinahealthassociates.com,Carolina Health and Aesthetics
foundationptatl.com,Foundation Physical Therapy ATL
texasbraces.com,"ELVEBAK ORTHODONTICS, PA"
drshamiltonroddy.com,"HAMILTON-RODDY CHIROPRACTIC, PLLC"
essentialmotionchiropractic.com,ESSENTIAL MOTION CHIROPRACTIC
smootchiropractic.com,SMOOT FAMILY CHIROPRACTIC PC
hlcwellnesscenter.com,"HEALTHY LIVING CHIROPRACTIC & WELLNESS CENTER, PC"
cedar-chiro.com,CEDAR CHIROPRACTIC PHYSICIANS LLC
brucechiro.com,BRUCE CHIROPRACTIC AND COMPREHENSIVE CARE PLLC
bainbridgeskinsurgery.com,BAINBRIDGE SKIN SURGERY AND CONSULTATIVE DERMATOLOGY PLLC
oneofakindsmiles.com,"CHARLOTTE ADVANCED ORTHODONTICS, P.A."
alignyourwellness.com,"ALIGN CHIROPRACTIC WELLNESS CENTER, LLC"
digbro.com,Applewood Chiropractic Center
rudderchiropractic.com,"RUDDER CHIROPRACTIC CENTER, LLC"
sfcitychiro.com,SF City Chiropractic
hilgersorthodontics.com,"HILGERS ORTHODONTICS, P.C."
lifeinmotionchirocenter.com,Life In Motion Chiropractic Center
danvillechiropractor.net,Pontious Chiropractic
thevillageschiropractic.com,COMPTON CHIROPRACTIC CARE LLC
advancedcenters.com,"ADVANCED CHIROPRACTIC AND REHABILITATION, INC"
huebnersmiles.com,HUEBNER SMILES DENTISTRY AND ORTHODONTICS PLLC
ap-chiro.com,ABSOLUTE PRECISION CHIROPRACTIC INCORPORATED
drderekpage.com,"FORT WORTH CHIROPRACTIC CLINIC, PLLC"
armstrongchiropracticofcocoabeach.com,"ARMSTRONG CHIROPRACTIC FAMILY CENTER, INC."
brooksidechirotn.com,"BROOKSIDE CHIROPRACTIC, P. C."
extremesmiles.com,"BLACKER ORTHODONTICS, PLLC"
seedoflifechiro.com,"SEED OF LIFE CHIROPRACTIC AND WELLNESS, LLC"
westtempleorthodontics.com,"WEST TEMPLE ORTHODONTICS, PLLC"
firestoneteeth.com,FIRESTONE PEDIATRIC DENTISTRY AND ORTHODONTICS
backinlinechiropractic.com,BACK IN LINE CHIROPRACTIC PC
atlanticcoastchiropractic.com,ATLANTIC COAST CHIROPRACTIC
citypointchiro.com,"CITY POINT CHIROPRACTIC, LLC"
eldorafamilychiro.com,ELDORA FAMILY CHIROPRACTIC & WELLNESS CENTER PC
lindsaymagruderortho.com,LINDSAY AND MAGRUDER ORTHODONTICS
paschenorthodontics.com,Orthodontics by Dr. Mark D Paschen
elitewellnessal.com,ELITE WELLNESS & CHIROPRACTIC
pontevedrabeachchiro.com,PONTE VEDRA BEACH CHIROPRACTIC INC
orsbornorthodontics.com,"ORSBORN ORTHODONTICS, P.A"
parmerlaneortho.com,PARMER LANE ORTHODONTICS PC
prosperchiropractic.com,PROSPER CHIROPRACTIC AND WELLNESS P.C.
gulfcoastskincarecentre.com,"GULF COAST DERMATOLOGY & SKIN CARE CENTRE, PLLC"
atwaterchiropracticinc.com,"ATWATER CHIROPRACTIC, INC."
newjourneychiropractic.com,NEW JOURNEY CHIROPRACTIC LLC
purelightfamilychiropractic.com,"PURE LIGHT FAMILY CHIROPRACTIC, LLC"
1stepchiro.com,1ST STEP CHIROPRACTIC & WELLNESS L.L.C.
drveronicavalentine.com,"VALENTINE FAMILY CHIROPRACTIC, LLC"
sequimhealthandchiropractic.com,SEQUIM HEALTH AND CHIROPRACTIC LLC
breathechiropractic.com,"BREATHE CHIROPRACTIC, LLC"
grovechiropractic.com,"COCONUT GROVE CHIROPRACTIC, INC"
southmandarinchiropractic.com,SOUTH MANDARIN CHIROPRACTIC & WELLNESS
cheynechiropractic.net,CHEYNE FAMILY CHIROPRACTIC CENTRE
modernchiropracticandwellness.com,MODERN CHIROPRACTIC AND WELLNESS CENTER LLC
potsdambodyworks.com,BODYWORKS CHIROPRACTIC
johnortho.com,"JOHN ORTHODONTICS, INC."
chiropractorslongmont.com,New Leaf Chiropractic & Family Wellness
ciboloderm.com,CIBOLO CREEK DERMATOLOGY GROUP
cummingnaturalhealth.com,CHIROPRACTIC SPECIALTIES INC
lakecitychiro.com,REDENIUS CHIROPRACTIC PLC
edmondsfamilychiropractic.com,EDMONDS FAMILY CHIROPRACTIC LLC
brigitterozenbergdc.com,DR BRIGITTE ROZENBERG CHIROPRACTIC INC
cflchirogroup.com,CENTRAL FLORIDA MEDICAL & CHIROPRACTIC CENTER
alicefreeman.co.uk,SHAW CHIROPRACTIC AND SPORTS INJURY CENTER
mllouisville.com,Middletown Family Chiropractic
icortho.com,IOWA CITY ORTHODONTICS P.C.
litchiropractic.com,LIT CHIROPRACTIC PLLC
wellychiropractic.com,SCHULTZ CHIROPRACTIC PLLC
drshariwebster.com,"WEBSTER FAMILY CHIROPRACTIC, LTD."
wildriverschiropractic.com,Wild Rivers Chiropractic
bridgetonchiro.com,"BRIDGETON CHIROPRACTIC, LLC"
precisionchirowest.com,"PRECISION CHIROPRACTIC WEST, PLC"
dorlandchiropractic.com,"DORLAND CHIROPRACTIC CLINIC, PLLC"
milambogartderm.com,"MILAM BOGART DERMATOLOGY, LLC"
casperchiro.com,Casper Chiropractic
traerchiro.com,TRAER CHIROPRACTIC
fowlerortho.com,Fowler Orthodontics
myersorthodontics.com,"MYERS ORTHODONTICS, PLLC"
longhornpediatricdentist.com,LONGHORN PEDIATRIC DENTISTRY AND ORTHODONTICS
impactmedandchiro.com,Impact Medical and Chiropractic
coreperformancechiro.com,Core Performance Chiropractic and Sport
chiroceu.com,Academy of Chiropractic Arts & Sciences
elevatetolife.com,ELEVATE CHIROPRACTIC LLC
dermlaser.org,"DERMATOLOGY AND LASER ASSOC. OF MEDFORD, LLP"
siouxcitydas.com,"DERMATOLOGY ASSOCIATES OF SIOUXLAND, P.C"
daleychiropractic.com,"DALEY CHIROPRACTIC, HEALTHCARE CLINIC, LLC."
pilcherchiro.com,PILCHER CHIROPRACTIC CLINIC
parkrosechiropractic.com,PARKROSE CHIROPRACTIC & HEALTH CLINIC PC
thesarasotachiropractor.com,FLORIDA CHIROPRACTIC AND REHABILITATION CLINICS PL
atouchofgeorgiachiroclinic.com,A TOUCH OF GEORGIA CHIROPRACTIC CLINIC
drdogradds.com,Confident Smiles Sacramento
ellicottcityaesthetics.com,Ellicott City Aesthetics
traylorclinics.com,Traylor Chiropractic Clinics
concierge-chiro.com,Concierge Chiropractic
safehavenchiropractic.com,Safe Haven Chiropractic
fhchiropractic.com,Forest Hills Chiropractic
potomacvalleychiro.com,Potomac Valley Chiropractic
c-orthostudio.com,Camelback Orthodontic Studio
drhelth.com,Jacobson Family Chiropractic
doublediamondchiropractic.com,Double Diamond Chiropractic
donohoechiropractic.com,Donohoe Chiropractic
backtoactive.com,Back to Active Chiropractic
mtpleasantchiro.com,Accurate Chiropractic
forestvillechiropractic.com,"Forestville Chiropractic, PC"
chiropractormaitland.com,Maitland Chiropractic Clinic
lonetreechiro.com,Ridge Line Chiropractic
apexchiroco.com,"Apex Chiropractic Louisville, CO"
breidingchiropractic.com,Breiding Chiropractic
leadingedge-pt.com,Leading Edge Physical Therapy
movewellchiroandwellness.com,MoveWell Chiropractic + Wellness
americanchiropt.com,American Chiropractic & Physical Therapy Center
cedarwoodnaturalhealthcenter.com,Cedar Wood Chiropractic and Natural Health Center
alamoheightschiropractic.com,ALAMO HEIGHTS CHIROPRACTIC HEALTH CENTER
sweetdentistdanbury.com,Sweet Smiles Family Dental
ismilescorona.com,iSmiles Kids Dentistry & Orthodontics
kptrs.com,Kewanee Physical Therapy
kcchiropractichealth.com,KC Chiropractic Health Center
drgilak.com,Gilda Gilak  CHIROPRACTIC INC
connectioncafechiropractic.com,Connection Cafe - A Chiropractic Center
anchoroflifeslinger.com,Thrive Family Chiropractic
starrandglickorthodontics.com,Starr and Glick Orthodontics
drallendc.com,Allen Family Chiropractic
uppercervicalmarin.com,Upper Cervical Chiropractic of Marin
torqpt.com,TORQ Physical Therapy & Associates
firstcareoshkosh.com,"First Care Chiropractic, LLC"
mainefamilychiro.com,"Family Chiropractic Associates, Maine"
devinesp.com,Devine Strength & Physiotherapy
thrivechiropracticandhealth.com,Thrive Chiropractic | Health
empirecitychiropractic.com,Empire City Chiropractic
health1stchiro.com,"Health First Chiropractic, Inc. P.S."
sanpedrochiropracticandposture.com,San Pedro Chiropractic Clinic
olivemechiro.com,Olive Me Chiropractic
getlegacychiro.com,"Legacy Chiropractic, Inc."
hammerchiropractic.com,Hammer Chiropractic and Rehabilitation
oswegofamilychiropractic.com,Oswego Family Chiropractic
knappsmiles.com,Knapp Orthodontics
sterchichiropractic.com,Sterchi Chiropractic
midwestchiroandwellness.com,"Midwest Chiropractic and Wellness Center, P.A."
charlotteautoaccidentdoctor.com,"Optimize Chiropractic, PLLC"
drlighttouch.com,Light Touch Chiropractic IL
wisemanchiropractic.com,Wiseman Chiropractic
integrateddermatologyofreno.com,INTEGRATED DERMATOLOGY OF RENO
newspringchiro.com,New Spring Chiropractic
peninsulapt.net,Peninsula Physical Therapy
hayneschiropractic.com,"HAYNES CHIROPRACTIC, INC."
reboundchiropractor.com,"REBOUND CHIROPRACTIC, LLC"
abcrehabchiropractic.com,ABC REHAB & CHIROPRACTIC LLC
mcclimonchiropractic.com,McClimon Chiropractic
simonsenchiropractic.com,"SIMONSEN CHIROPRACTIC, PC"
freetobechiropractic.com,"FREE TO BE CHIROPRACTIC, PLLC"
norcrossaccidentcare.com,MORNING CHIROPRACTIC
douglasvillewellness.com,DOUGLASVILLE WELLNESS AND CHIROPRACTIC CENTER INC
doralbraces.com,MIAMI CENTER FOR ORTHODONTICS L.L.C
drtimhubbard.com,SHERWOOD CHIROPRACTIC & REHAB CENTER P C
spinalcarechiropractic.com,"SPINAL CARE CHIROPRACTIC CENTER, PC"
barronchiropracticvinton.com,BARRON CHIROPRACTIC
neelychiropracticandsport.com,"NEELY CHIROPRACTIC & SPORT, PLLC."
newwavechiro.com,NEW WAVE CHIROPRACTIC LLC
authoritychiro.com,AUTHORITY CHIROPRACTIC LLC
healthatcongruentlife.com,"CONGRUENT LIFE CHIROPRACTIC, LLC"
3dchiro.com,"NUNEZ CHIROPRACTIC, INC."
lavidachiropractic.com,Lavida Medical and Chiropractic
heetlandorthodontics.com,HEETLAND ORTHODONTICS PLLC
foothillchiropracticcenter.com,Foothill Chiropractic Center
eriechiro.com,"CHIROPRACTIC CENTER OF ERIE, INC."
southhoustonchiro.com,SOUTH HOUSTON CHIROPRACTIC LLC
nazortho.com,NORTHERN ARIZONA ORTHODONTICS
drgardnerchiro.com,"GARDNER CHIROPRACTIC: FAMILY AND WELLNESS CENTER, PLLC"
readlyn.com,OELWEIN CHIROPRACTIC CLINIC PC
gracefulhandschiro.com,"GRACEFUL HANDS CHIROPRACTIC & WELLNESS CENTER, PLLC"
wakemanchiropractic.com,"WAKEMAN CHIROPRACTIC AND HEALING CENTER, INC."
julingtoncreekchiro.com,JULINGTON CREEK CHIROPRACTIC & WELLNESS CENTER PA
cadencechirobham.com,Cadence Chiropractic
nicholsorthodontics.com,"NICHOLS ORTHODONTICS, INC"
gamacheorthodontics.com,"GAMACHE ORTHODONTICS, PLLC"
grantfamilychiro.com,"GRANT FAMILY CHIROPRACTIC, LLC"
kidspv.com,PONTE VEDRA PEDIATRIC DENTISTRY AND ORTHODONTICS
mycollegestationdental.com,COLLEGE STATION DENTISTRY AND ORTHODONTICS PLLC
electdermatology.com,ELECT DERMATOLOGY PLLC
injuryphysicaltherapy.com,Injury Physical Therapy
docrodeo.com,INDIALANTIC CHIROPRACTIC & ACUPUNCTURE INC
premierchiropractic.net,"PREMIER CHIROPRACTIC #1, PLLC"
activereleaseofpain.com,"BANKS CHIROPRACTIC CENTER, PC"
restorefamilychiropractic.com,RESTORE FAMILY CHIROPRACTIC LLC
deadchiropracticsociety.com,DEAD CHIROPRACTIC SOCIETY
corbinfamilychiropractic.com,"CORBIN FAMILY CHIROPRACTIC, PLLC"
braceinfo.com,"INSOFT & HURST ORTHODONTICS, PLC"
drhorine.com,HORINE CHIROPRACTIC CORPORATION
tumwaterchirocenter.com,TUMWATER CHIROPRACTIC CENTER PS
valeochiropractic.com,VALEO CHIROPRACTIC PLLC
chiropracticcenterwa.com,ROCHESTER CHIROPRACTIC CENTER
gamechangerptkc.com,Game Changer Physical Therapy
starkechiropractic.com,STARKE CHIROPRACTIC INC.
spineandsportid.com,Spine & Sport Physical Therapy
spokanevalleychiro.com,CHIROPRACTIC WORKS WELLNESS CENTER
247chiropractic.com,"24/7 CHIROPRACTIC WELLNESS & REHAB, LLC"
perfectchiropractic.com,PERFECT CHIROPRACTIC
absolutebalancechiropractic.com,ABSOLUTE BALANCE CHIROPRACTIC P.C.
beitchmanortho.com,Beitchman Orthodontics
randrorthodontics.com,R & R Orthodontics
silkchiropractic.com,SILK CHIROPRACTIC
profamilychiropractic.com,"PRO FAMILY CHIROPRACTIC, LTD."
hifaichiropractic.com,Hifai Chiropractic
spinalhealingarts.com,"MONTALAND MCGRATH CHIROPRACTIC CENTER, PS, INC"
makeyourkidssmile.com,"Dr. Leslie Jacobs, Pediatric Dentistry"
calibrationptkc.com,Calibration Physical Therapy
leessummitchiro.com,Summit Chiropractic
wangsmiles.com,Wang Smiles Orthodontics
daptherapy.com,D.A.P. Therapy (Dynamic Abilities Pediatric Therapy: Occupational and Physical Therapy Inc.)
implantsandteeth.com,Renu Family Dentistry
sunsetridgechiro.com,Sunset Ridge Chiropractic
orthchiropractic.com,Orth Chiropractic
sandpointchiro.com,Sandpoint Chiropractic Clinic
markowitzortho.com,Blue Bell Orthodontics
nokkenchiropractic.com,Nokken Chiropractic & Massage
khalsachiropractic.com,Khalsa Chiropractic
adjustchiropracticdallas.com,Adjust Chiropractic
muscatinelifetimedentistry.com,Muscatine Lifetime Dentistry
favoriteborochiro.com,"Healing Hands Chiropractic, LLC"
bracesonbraceroad.com,Ritoli Orthodontics
a2zchiro.com,A To Z Chiropractic
neokineticpt.com,Neokinetic Physical Therapy & Wellneess
harmonyclinicfl.com,Harmony Clinic Medical and Chiropractic
drburtonchiropractor.com,Burton Chiropractic
the-chs.com,Awender Chiropractic Health Services
newheightschiro.com,New Heights Chiropractic and Rehabilitation
wellspringokc.com,Wellspring Chiropractic - OKC
meridianchiropractors.net,Meridian Chiropractic
rehabon.com,Rehabon Physical Therapy
allsmilesdentistryandorthodontics.com,All Smiles Dentistry and Orthodontics
nmpelvichealthpt.com,NM Pelvic Health Physical Therapy
rootedwellnesspt.com,Rooted Wellness Physical Therapy
ryanchiroclinic.com,Ryan Chiropractic Clinic
caliperortho.com,Caliper Orthodontics
cfdo.dental,Campbell Family Dentistry & Orthodontics
lifefamilydc.com,Life Family Chiropractic
designedlifechiropractic.com,Designed Life Chiropractic
corebirmingham.com,Core Chiropractic
eastsidespineandinjury.com,Milwaukie Chiropractic Center
forkedriverchiropractic.com,Forked River Chiropractic Center
solleysolutions.com,Solley Health First Chiropractic
wncchiropractic.com,"WNC Chiropractic, PLLC"
kellyvillesmiles.com.au,Kellyville Smiles
azchirotech.com,ADVANCED TECHNOLOGY CHIROPRACTIC LLC
mwbchiro.com,Midwestern Built Chiropractic
tropicaldentals.com,Tropical Dental
drcianci.com,Cianci Chiropractic Center
outtenchiropractic.com,Outten Chiropractic & Spinal Decompression Center
fairfaxacne.com,Fairfax Acne & Dermatology Services
elevatehealthdfw.com,Elevate Chiropractic & Wellness LLC
arizonaortho.com,ARIZONA ORTHODONTICS EXCLUSIVELY PC
lavenderphysicaltherapy.com,Lavender Physical Therapy & Wellness
perezwellness.health,"PEREZ CHIROPRACTIC & WELLNESS, P.A."
mannmadesmiles.com,"MANN ORTHODONTICS, PA"
1chiropractor.com,GABALDON CHIROPRACTIC
allaboutsmilesortho.com,"ALL ABOUT SMILES, ORTHODONTICS AND DENTOFACIAL ORTHOPEDICS, L.L.C"
chiropractichealinghands.com,CHIROPRACTIC HEALING HANDS FOR YOU
drjeffhoepfner.com,OHIO VALLEY CHIROPRACTIC LLC
huntingtonchiropracticbg.com,HUNTINGTON CHIROPRACTIC & WELLNESS LLC
mylifechiropracticelpaso.com,MY LIFE CHIROPRACTIC
chiropensacola.com,BACK2HEALTH CHIROPRACTIC WELLNESS
huntholisticchiropractic.com,"HUNT HOLISTIC CHIROPRACTIC, INC"
lotusoflifechiropractic.com,"LOTUS OF LIFE CHIROPRACTIC, LLC"
esterofloridachiropractor.com,CHIROPRACTIC CARE AND REHAB CENTER
risechiropracticmandarin.com,RISE CHIROPRACTIC AND ACUPUNCTURE LLC
6stepshelps.com,"SPOKANE VALLEY CHIROPRACTIC CENTER, P.L.L.C."
oregonfamilyortho.com,OREGON FAMILY ORTHODONTICS LLC
malloychiro.com,"MALLOY CHIROPRACTIC & WELLNESS CENTER, PLLC"
pathfinderchiropractic.com,"PATHFINDER CHIROPRACTIC, PC"
lakewoodfamilychiro.com,CHIROPRACTIC MASSAGE & NUTRITION
mywrightchoice.com,"WRIGHT CHOICE CHIROPRACTIC, PLLC"
weatherfordchiropractic.net,"WEATHERFORD CHIROPRACTIC, P.L.L.C."
lenoirchiro.com,"Lenoir City Chiropractic, PLLC"
matlockchiro.com,Matlock Chiropractic
patriotchirosp.com,Patriot Chiropractic & Sport Performance
lockeclinic.com,LOCKE CHIROPRACTIC LLC
lascalachiropractic.com,"LASCALA CHIROPRACTIC, P.C."
digneyfamilychiropractic.com,DIGNEY FAMILY CHIROPRACTIC
carrierchiro.com,"CARRIER FAMILY CHIROPRACTIC, P.A."
hodgesandhodgesortho.com,HODGES & HODGES ORTHODONTICS PLLC
obrienfamilychiropractic.com,O'Brien Family Chiropractic
eastlakehealth.com,EAST LAKE CHIROPRACTIC AND INJURY CENTER INC
paradisepalmschiropractic.com,"PARADISE PALMS CHIROPRACTIC AND SPA, LLC"
fourpointschiropractic.com,"FOUR POINTS FAMILY CHIROPRACTIC, PLLC"
bonitaspringsflchiropractic.com,GULFSIDE CHIROPRACTIC HEALTH CENTER
newspinechiro.com,NEW SPINE CHIROPRACTIC LLC
braceswaco.com,"HEART OF TEXAS ORTHODONTICS, PLLC"
nightlightchiropractic.com,NIGHTLIGHT CHIROPRACTIC LLC
valdostachiropractic.com,"VALDOSTA CHIROPRACTIC & REHAB, LLC"
cityofangelsdermatology.com,"CITY OF ANGELS DERMATOLOGY, INC."
oneillfamilychiropractic.com,"O'NEILL FAMILY CHIROPRACTIC, PC"
kruseparkchiro.com,KRUSE PARK CHIROPRACTIC LLC
poweronwellness.com,PELTIER FAMILY CHIROPRACTIC LLC
canonchiropractic.com,CANON CHIROPRACTIC LLC
simplywellnesschiro.com,Simply Wellness Chiropractic
chiropracticcarepoincianafl.com,"POINCIANA CHIROPRACTIC & INJURY CENTER, PLLC"
arvadachiropracticcare.com,Walk-In Chiropractic and Massage LLC
citylimitschiropractic.com,CITY LIMITS CHIROPRACTIC
adjustingyourlifestyle.com,"CHIROPRACTIC PLAIN AND SIMPLE, PLC"
centraloregonchiropractic.com,CENTRAL OREGON CHIROPRACTIC LLC
havlicekchiropractic.com,HAVLICEK CHIROPRACTIC INC
integralptyoga.com,Integral Physical Therapy and Yoga
wilmingtonchironow.com,Wilmington Chiropractic and Wellness Center
mccallchiropractic.com,MCCALL CHIROPRACTIC INC.
soundcarechiropractic.com,MAGNOLIA CHIROPRACTIC AND MASSAGE
saelitechiropractic.com,SAN ANTONIO ELITE CHIROPRACTIC LLC
nextlevelsherwood.com,NEXT LEVEL CHIROPRACTIC OF SHERWOOD
dreeschiropractic.com,"DREES FAMILY & SPORTS CHIROPRACTIC, INC"
unbrokenbody.com,Unbroken Body Chiropractic
serrins.com,SERRINS CHIROPRACTIC CORPORATION
mtviewcwc.com,MOUNTAIN VIEW CHIROPRACTIC AND WELLNESS CENTER P.L.L.C.
dobbsortho.com,"DOBBS ORTHODONTICS, PLLC"
kaizenchiropracticsolutions.com,KAIZEN CHIROPRACTIC SOLUTIONS
hoganhealthandchiropractic.com,"Hogan Health & Chiropractic, LLC"
currentchiropractic.com,CURRENT CHIROPRACTIC LLC
myhelpinghandschiro.com,HELPING HANDS CHIROPRACTIC CENTER LC
elkochiropractor.com,"RUBY MOUNTAIN CHIROPRACTIC CENTER, INC."
r3phys.io,R3 Physiotherapy & Wellness
atmospherewellness.com,Atmosphere Chiropractic & Wellness
tlcdentists.com,TLC Dental
carbondalechiropracticinjuryclinic.com,Carbondale Chiropractic Injury Clinic
celarchiro.com,Celar Chiropractic
upstatechiro.com,Upstate Chiropractic
carabasichiropractic.com,Carabasi Chiropractic Center
drbillsortho.com,Glen Bills Family Orthodontics Specialists
lehanechiropractic.com,"Lehane Chiropractic, LLC."
teamsapiens.com,Team Sapiens Physical Therapy
rootphysicaltherapy.com,"Root Physical Therapy, LLC"
seattlechiropracticcenter.com,Seattle Chiropractic Center
flowchiro.sg,Flow Chiropractic Pte. Ltd.
grinbaumorthodontics.com,Grinbaum Orthodontics
iluminarpt.com,Iluminar Physical Therapy
rehabteams.com,Rehab Team Physical Therapy
altiuspt.com,Altius Physical Therapy and Wellness
chiropractickansas.com,Great Day Chiropractic & Rehab
chiropracticsolutions.info,CHIROPRACTIC SOLUTIONS LLC
proactiveptnova.com,Proactive Physical Therapy and Wellness
chiropractorunionsquare.com,Upper Cervical Chiropractic of San Francisco
thirdcoastchiro.com,Third Coast Chiropractic
hmchiropractic.com,Health In Motion Chiropractic
bayviewdentistrymd.com,Bayview Dentistry
wildernessfamilychiropractic.com,Wilderness Family Chiropractic
rapidrecoverypt.com,Rapid Recovery Physical Therapy
clarksvillechiropractic.com,Clarksville Chiropractic Center
citysidechiropractic.com,CitySide Chiropractic
glowdermhtx.com,Glow Dermatology
weymouthchiro.com,WEYMOUTH CHIROPRACTIC AND WELLNESS CENTER LLC
performanceandspine.com,"Performance and Spine Chiropractic Center, LLC"
barnesfamchiro.com,Barnes Family Chiropractic
impactptnj.com,Impact Physical Therapy NJ
dmchiro.com,D&M CHIROPRACTIC AND THERAPEUTIC REHAB INC
drwaynewhite.com,FORT LAUDERDALE CHIROPRACTIC CENTER
spine-sportschiro.com,Spine and Sports Chiropractic Belgrade
revchiropractic.com,Revitalize Chiropractic
naturally-chiropractic.com,Naturally Chiropractic Parker CO
rockpediatricdentistry.com,Rock Pediatric Dentistry
acthealthchiro.com,Active Health Chiropractic
drlikins.com,Chiropractic Care Center
drdavidwaters.com,Waters Orthodontics
dermasmooth.clinic,DermaSmooth Clinic
ascendsportschiropractic.com,Ascend Sports Chiropractic
myazdentalmontereyhwy.com,AZ Dental - San Jose
adjustedlifechiro.com,Adjusted Life Chiropractic PLLC
masoncitychiropractic.com,"MASON CITY CHIROPRACTIC, INC."
performstrongpt.com,Perform Strong Physical Therapy
fountainmoderndentistry.com,"FOUNTAIN MODERN DENTISTRY AND ORTHODONTICS, LLP"
medinafamilychiro.com,MEDINA FAMILY CHIROPRACTIC LLC
jaxback.com,FT CAROLINE CHIROPRACTIC CLINIC PA
getnewleaf.com,NEW LEAF CHIROPRACTIC INC
columbiasmilemaker.com,"COLUMBIA ORTHODONTICS, PC"
kochwellness.site,Koch Chiropractic and Wellness Center
buckorthodontics.com,"BUCK ORTHODONTICS, P.C."
southshore-ortho.com,"SOUTHSHORE ORTHODONTICS, PA"
tricityorthodontics.com,TRI-CITY ORTHODONTICS
byrnesfamilywellness.com,"BYRNES FAMILY CHIROPRACTIC, INC."
drbuckjohnston.com,"BUCK & JOHNSTON ORTHODONTICS, PLLC"
paisleyorthodonticsfulton.com,Paisley Orthodontics
milwaukeemetrochiropractic.com,"Metro Chiropractic, LLC"
familylifechiro.com,FAMILY LIFE CHIROPRACTIC CENTER
tartackchiropractic.com,TARTACK CHIROPRACTIC & WELLNESS CENTER INC
tnchiropracticalliance.com,"TENNESSEE CHIROPRACTIC ALLIANCE, PLLC"
springschirohealth.com,"SPRINGS CHIROPRACTIC HEALTH, INC."
rivermountainortho.com,"STANDIFER ORTHODONTICS, PLLC"
sc-chiro.com,SPECIFIC CARE CHIROPRACTIC INC
traditionhealth.com,TRADITION FAMILY CHIROPRACTIC
koruchiropractic.com,"KORU CHIROPRACTIC, PLLC"
tcorthodontics.com,TC ORTHODONTICS
docksidechiropractic.com,DOCKSIDE CHIROPRACTIC LLC
spinetimechiropractic.com,Spine Time Chiropractic
txspinecenter.net,Texas Spine Center Chiropractic
meansfamilychiropracticclinic.com,"MEANS FAMILY CHIROPRACTIC CLINIC, LLC"
eandgchiro.com,Excelsior & Grand Chiropractic
tooelechiropractor.com,Muscle and Joint Chiropractic
chiropractichillcrest.com,HILLCREST CHIROPRACTIC
ftlauderdalefamilychiropractic.com,"FT. LAUDERDALE FAMILY CHIROPRACTIC, P.A."
atlchirocare.com,"BACK TO GENESIS CHIROPRACTIC, PC"
browncavettchiropractic.com,BROWN CAVETT BACK AND NECK CHIROPRACTIC
credencechiro.com,CREDENCE CHIROPRACTIC LLC
rdsqc.com,WAINWRIGHT ORTHODONTICS P.L.C.
hartleychiropracticcenter.com,Hartley Chiropractic
tysonchiropractic.com,"TYSON CHIROPRACTIC AUTO INJURY AND REHAB CENTER, INC"
cooperchirojax.com,"COOPER CHIROPRACTIC & FAMILY WELLNESS, INC"
sandbchiropractic.com,"S & B CHIROPRACTIC AND REHAB, INC."
westseattlespine.com,"SWANSON & SEEPERSAD CHIROPRACTIC, P.S."
bonesclinic.net,Bones Chiropractic Clinic
slaintechiropractic.com,SLAINTE CHIROPRACTIC LLC
macdonaldortho.com,MACDONALD ORTHODONTICS PLC
padrederm.com,PADRE DERMATOLOGY PLLC
doloreschiro.com,BREITENBACH CHIROPRACTIC PLLC
drreidwellness.com,"REID CHIROPRACTIC & WELLNESS CENTER, LLC"
carutherschiropractor.com,DECESARE CHIROPRACTIC INC.
clarkchiroctr.com,"CLARK CHIROPRACTIC CENTER, LLC"
kayandpaulus.com,KAY & PAULUS ORTHODONTICS LLP
lmcchiropractic.com,"LIFESTYLE IN MOTION CHIROPRACTIC, PLLC"
ameschirocenter.com,"AMES CHIROPRACTIC & WELLNESS CENTER, PLLC"
drdiehlchiropractic.com,Maximized Life Chiropractic
oregonsportsandfamily.com,OREGON SPORTS AND FAMILY CHIROPRACTIC LLC
greenvalleyranchmodernsmiles.com,"GREEN VALLEY RANCH MODERN SMILES AND ORTHODONTICS, LLP"
coppellkairos.com,KAIROS CHIROPRACTIC PLLC
restorelifechiropractic.com,Restore Life Chiropractic
concordiachiropractic.com,CONCORDIA CHIROPRACTIC CENTER LLC
hodgesandcappsortho.com,HODGES AND CAPPS ORTHODONTICS. PLLC
connectchiropracticcorporate.com,Connect Chiropractic
ifixbacks.com,WHEELER CHIROPRACTIC
padillapt.com,Padilla Physical Therapy & Fitness
granitecoastortho.com,Granite Coast Orthodontics
bellfamilychiropractic.com,Bell Family Chiropractic
hdoublerchiropractorspringfieldmo.com,H'Doubler Chiropractic
drwalczak.com,Center for Dentistry and Orthodontics - Dr. Gerald S. Walczak
alifeinbalancept.com,A Life In Balance Physical Therapy and Wellness
nwfamilychiro.net,"NW Family Chiropractic, P.C."
thebackdoctors.com,Hansen Chiropractic
cornerstonephysicaltherapy.com,Cornerstone Physical Therapy
sequoiadentistry.com,Sequoia Dentistry
harshmanchiropracticspringfieldmo.com,Harshman Chiropractic Clinic
idealsmilesortho.com,Kevin Cook Orthodontics
explorefamilychiropractic.com,Explore Family Chiropractic LLC
paulusdental.com,Paulus Dental/Paulus Orthodontics
performancechiropracticnd.com,"Performance Chiropractic, PLLC"
powersourcechiropracticfl.com,PowerSource Chiropractic - Wilton Manors
allentownchiropracticcenter.com,"Allentown Chiropractic Center, P.C."
southorangechiropractic.com,South Orange Chiropractic Center
langchiropracticcenter.com,Lang Chiropractic Center
bodybalancecheyenne.com,BodyBalance Chiropractic and Wellness
healingriverchiropractic.com,Healing River Chiropractic
irwinchiro.com,Irwin Chiropractic
springfieldmoderndental.com,Modern Dental of Springfield
myauburnchiro.com,Auburn Chiropractic Associates
summitchiropracticcs.com,Summit Chiropractic
truehealth-chiropractic.com,"True Health Chiropractic, LLC"
harmonyhealthchiropractic.com,Harmony Health Chiropractic
saportho.com,Saperstein Orthodontics
sparqpt.com,Sparq Physical Therapy
arrowhealthchiropractic.com,Arrow Health Chiropractic
rewind-medical.com,"Rewind Aesthetics, Dermatology, and Trichology by Formula Health"
delraycc.net,DELRAY CHIROPRACTIC CENTER INC
medentalsf.com,"ME Dental, San Francisco"
threekingschiropractic.com,"THREE KINGS CHIROPRACTIC, LLC"
precisioncarechiro.com,"PRECISION CARE CHIROPRACTIC, PLLC"
rothwellness.com,Roth Wellness and Chiropractic
taprootchiropractic.com,"TAPROOT CHIROPRACTIC, PLLC"
salishchiropractic.com,SALISH CHIROPRACTIC
kpcstudio.com,KEY POTENTIAL CHIROPRACTIC LLC
tfamilychiro.com,TRICOCHE FAMILY CHIROPRACTIC INC.
islandhealthandchiropractic.com,"ISLAND HEALTH AND CHIROPRACTIC, LLC"
thenewhealthcc.com,NEW HEALTH CHIROPRACTIC CENTER INC.
leungdentalcare.com,Leung Dental
baywestchiro.com,"BAYWEST CHIROPRACTIC, LLC"
wlchiro.com,Hess Chiropractic
winnieortho.com,WINNIE ORTHODONTICS PLLC
sunshinechiropracticcenter.com,"SUNSHINE CHIROPRACTIC CENTER, PC."
ascendchiropracticwa.com,"ASCEND CHIROPRACTIC, LLC"
chiropractorinoviedo.com,OVIEDO CHIROPRACTIC LLC
dreckmanfamilychiropractic.com,Dreckman Family Chiropractic
ltccboro.com,"LASER THERAPY & CHIROPRACTIC CENTER, INC"
elwcc.com,EAGLES LANDING WELLNESS AND CHIROPRACTIC CENTER INC
frenchfamilychiro.com,FRENCH FAMILY CHIROPRACTIC
exoduschiropracticoffranklin.com,"EXODUS CHIROPRACTIC OF FRANKLIN, LLC"
helmchiropractic.com,HELM CHIROPRACTIC INC.
agourahillsortho.com,Curry & Oh Orthodontics
activesportschiro.com,ACTIVE SPORTS AND FAMILY CHIROPRACTIC LLC
chiropracticak.com,TRUE LIFE CHIROPRACTIC LLC
truelightchiropractic.com,True Light Chiropractic
classiccitychiro.com,Hardison Family Chiropractic
lakecitychiropractic.com,LAKE CITY CHIROPRACTIC CENTER
bradleychiropracticnutrition.com,Bradley Chiropractic Nutrition Center
drbynumchiropractic.com,BYNUM CHIROPRACTIC
kristinehovde.com,HOOD CHIROPRACTIC & WELLNESS CENTER PC
woodchirogarner.com,WOOD CHIROPRACTIC CLINIC
focusedonyouchiropractic.com,FOCUSED ON YOU CHIROPRACTIC P.L.L.C.
bloyerchiropractic.com,BLOYER CHIROPRACTIC AND WELLNESS
wittchiropractic.com,"WITT CHIROPRACTIC, P.A."
allgoodchiro.com,ALLGOOD CHIROPRACTIC AND FAMILY WELLNESS CENTER
rutherfordphysicaltherapist.com,RUTHERFORD PHYSICAL THERAPY
longevityptw.com,Longevity Physical Therapy & Wellness
marchuschiropracticco.com,"Marchus Chiropractic, Inc."
crockortho.com,Crock Orthodontics
dubuquebraces.com,DUEHR & HOELSCHER ORTHODONTICS PC
maximumwellnesschiro.com,MAXIMUM WELLNESS CHIROPRACTIC
windsorsmilesortho.com,Windsor Smiles Orthodontics
grandcanyondermatology.com,GRAND CANYON DERMATOLOGY
smileconceptsorthodontics.com,SMILE CONCEPTS ORTHODONTICS
performancerehabchiropractic.com,Performance Rehab Chiropractic
igetitchiropractic.com,"I GET IT CHIROPRACTIC, LLC"
portlandchiropractor.com,"PACIFIC CHIROPRACTIC & WELLNESS CENTER, LLC"
monumentalchiropractic.com,MONUMENTAL CHIROPRACTIC LLC
mountlaurelchiropractors.com,"HEALTH GOALS CHIROPRACTIC CENTER, INC."
hiltonchiro.com.au,Hilton Chiropractic Centre
chiropractorvalparaiso.com,PORTERFIELD FAMILY CHIROPRACTIC PC
ebptcrestedbutte.com,"CRESTED BUTTE PHYSIOTHERAPY, PC"
dadechirosociety.org,"DADE COUNTY CHIROPRACTIC SOCIETY, INCORPORATED"
ormondbeachchiropractor.com,ORMOND BEACH CHIROPRACTIC LLC
storkorthodontics.com,STORK ORTHODONTICS
millerchiro.net,"MILLER CHIROPRACTIC HEALTH CENTER, INC."
performancepluschiropractic.net,PERFORMANCE PLUS CHIROPRACTIC LLC
reliefandrenewcenter.com,WOOTTON FAMILY CHIROPRACTIC
forneyfamilydentistry.com,"FORNEY FAMILY DENTISTRY & ORTHODONTICS, PC"
icarechiro.com,"ICARE CHIROPRACTIC, P.A."
midwestchirocare.org,Midwest Chiropractic Care Center
walworthchiropractic.com,"Community Chiropractic, Walworth County Wisconsin"
tarantoladerm.com,TARANTOLA DERMATOLOGY INC
healinghandsfc.com,ROSE CHIROPRACTIC & WELLNESS
backsense.com,"ATHLETIC AND FAMILY CHIROPRACTIC, P.L"
hollonfamilychiropractic.com,Hollon Family Chiropractic
greattampachiropractor.com,CHIROPRACTIC CARE CENTRE PA
drdeyounghealthandwellness.com,"DEYOUNG CHIROPRACTIC, LLC"
hougchiropracticclinic.com,HOUG CHIROPRACTIC PC
chiropractormontereyca.com,THE BACK AND NECK PAIN CENTER OF MONTEREY - GAILY CHIROPRACTIC INC.
templesportandspine.com,TEMPLE SPORT AND SPINE CHIROPRACTIC
lakewoodsmiles.com,Lakewood Smiles
empowerwomenspt.com,Empower Women's Physical Therapy & Wellness
bushdentistry.com,Bush Dentistry
atchleychiropractic.com,Atchley Chiropractic
fairbankschiropracticclinic.com,"Fairbanks Chiropractic Clinic, Inc"
bannercr.com,Banner Chiropractic &  Rehabilitation PLC
hrcwaunakee.com,Hellenbrand Rabideaux Chiropractic
carpenterpt.com,Carpenter Physical Therapy
aplacetogrowchiropractic.com,A Place to Grow Chiropractic
hildebrandchiropractic.com,Hildebrand Chiropractic
anaheimfamilychiropractic.com,Anaheim Family Chiropractic
smithfamilychiro.net,"Smith Family Chiropractic, Tallahassee"
espinosafamilychiropractic.com,Espinosa Family Chiropractic Center
wellnesskeychiro.com,Wellness Key Chiropractic
lakewayortho.com,Lakeway Orthodontics
bencechiro.com,Bence Chiropractic WELLNESS Center
auburnchirocenter.com,Auburn Chiropractic Center
cfdsmile.com,CFD Cosmetic & Family Dentistry
dansieorthodontics.com,Dansie Orthodontics
greenvillespine.com,Greenville Spine Institute: Expert Chiropractic Care
mintchiropractic.com,"MINT CHIROPRACTIC, INC."
meierfamilychiropractic.com,Meier Family Chiropractic LLC
cornishchiropractic.com,Cornish Chiropractic
plexusphysicaltherapy.com,Plexus Physical Therapy
lahoodchiro.com,Advanced Chiropractic and Wellness
danmpc.com,"Dermatology Associates of Northern Michigan, P.C."
arizonasfamilychiro.com,Arizona's Family Chiropractic
smithchiropracticandsportsrehab.com,Smith Chiropractic and Sports Rehab
hollandmichiro.com,ProActive Chiropractic Group
brucechiropractic.com,"BRUCE CHIROPRACTIC, LLC"
norcrosschiro.com,Chiropractic Center of Norcross
acuteyakima.com,Acute Chiropractic Yakima
smilerepublic.com,Smile Republic
ptfirstrehab.com,PT FIRST Physical Therapy
4031pt.com,"40:31 PHYSICAL THERAPY AND FITNESS, PLLC"
fullyrestoredhealth.com,Restored Health Chiropractic
stakerchiro.com,Staker Chiropractic Life Center
concordcachiropractor.com,Coflin Chiropractic
deeplyrootedchiro.com,Deeply Rooted Chiropractic & Movement
solutionschiropractic.org,Solutions Chiropractic
rubinsteinfamilychiropractic.com,RUBINSTEIN FAMILY CHIROPRACTIC
woodlandchiropracticandwellness.com,WOODLAND CHIROPRACTIC AND WELLNESS
doctortruong.com,TRUONG UPPER CERVICAL CHIROPRACTIC CORPORATION
evolvchiropractic.com,Evol.v Chiropractic
changingtideschiro.com,"CHANGING TIDES CHIROPRACTIC & WELLNESS, LLC."
nobleortho.com,NOBLE MCCLINTOCK ORTHODONTICS
anewchiro.com,ANEW CHIROPRACTIC PLLC
chirowellnesstexas.com,"CHIROPRACTIC WELLNESS & NUTRITION, LLC"
bodyinbalancechiropractic.com,"BODY IN BALANCE CHIROPRACTIC, P.C."
activeoregonchiro.com,ACTIVE OREGON CHIROPRACTIC
butlerchiropractors.com,"THOMAS CHIROPRACTIC CENTER, LLC"
functionperformance.com,FUNCTION PERFORMANCE SPORT CHIROPRACTIC
collegestationchiropractic.com,COLLEGE STATION CHIROPRACTIC
norcochiropractic.com,NORCO CHIROPRACTIC PLLC
asburyfamilychiropractic.com,ASBURY FAMILY CHIROPRACTIC PC
weberfamilychiropractic.com,WEBER FAMILY CHIROPRACTIC PC
peachtreeperio.com,PEACHTREE PERIODONTICS & DENTAL IMPLANTS
themurphychiropractic.com,"MURPHY CHIROPRACTIC HEALTH CENTER, LLC"
ocbrighton.com,OUILLETTE CHIROPRACTIC PLLC
mitchellvillechiro.com,MITCHELLVILLE FAMILY CHIROPRACTIC P. C.
southallchiropractic.com,"SOUTHALL CHIROPRACTIC, PLLC"
drnathans.com,ALAN NATHANS FAMILY CHIROPRACTIC
healingtouchfamilychiro.com,"HEALING TOUCH FAMILY CHIROPRACTIC, P.C."
eptruechiropractic.com,EPTRUE CHIROPRACTIC INC.
chiropracticcharleston.com,"COLE CHIROPRACTIC CLINIC, LLC"
rencicderm.com,"RENCIC DERMATOLOGY, LLC"
waukeechiropracticcenter.com,WAUKEE CHIROPRACTIC CENTER PC
thrivechirowellness.com,THRIVE CHIROPRACTIC AND WELLNESS LLC
shiftingtideschiropractic.com,SHIFTING TIDES CHIROPRACTIC LLC
wolsteinchiropractic.com,WOLSTEIN CHIROPRACTIC AND SPORTS INJURY CENTER
sommerschiropractic.com,SOMMERS CHIROPRACTIC LLC
vitality.us,"FAITH FAMILY CHIROPRACTIC, INC."
chiropracticcarevan.com,Chiropractic Care Van
mayfieldchiropracticcenter.com,"MAYFIELD CHIROPRACTIC CENTER, P.C."
gaskellchiropracticblog.com,GASKELL CHIROPRACTIC SERVICES PC
pinnaclechiro.net,PINNACLE CHIROPRACTIC INC
shermanchiroia.com,"CHIROPRACTIC PROFESSIONAL OFFICE, PC"
activeperformchiro.com,Active Performance Chiropractic LLC
launchwellnesscenter.com,LAUNCH CHIROPRACTIC LLC
chirorenaissance.com,RENAISSANCE CHIROPRACTIC PC
brightonmoderndentistry.com,"BRIGHTON MODERN DENTISTRY AND ORTHODONTICS, LLP"
townandcountryspecificchiropractic.com,TOWN AND COUNTRY SPECIFIC CHIROPRACTIC LLC
drheatherhamilton.com,"AMAZING RELIEF CHIROPRACTIC, PLLC"
livegrowsmile.com,"JOHNSON FAMILY ORTHODONTICS, LLC"
hutchisonchiro.com,HUTCHISON CHIROPRACTIC CENTER INC.
familybackdoc.com,DUKE FAMILY CHIROPRACTIC PA
austinchiroandrehab.com,Austin Chiropractic & Rehab
wildwestorthodontics.com,WILD WEST ORTHODONTICS INC.
wecare4memphis.com,"We Care Chiropractic, LLC"
skinnews.com,"SODERSTROM DERMATOLOGY CENTER, P.C."
waxchiro.com,WAXAHACHIE CHIROPRACTIC
theremedychiros.com,The Remedy Chiropractic
harborlifechiro.com,HARBOR LIFE CHIROPRACTIC PC
efchealth.com,EXPERIENCE FAMILY CHIROPRACTIC
thetapattison.com,THETA DERMATOLOGY PC
sourcechirotn.com,"SOURCE CHIROPRACTIC, PLLC"
woworthodontics.com,Wow Orthodontics
daudechirocenter.com,"DAUDE CHIROPRACTIC CENTER, PLLC"
drhudson.com,Hudson Chiropractic
live-well-chiro.com,Live Well Chiropractic
opchirotx.com,Optimum Performance Chiropractic
trilumospt.com,TriLumos Physical Therapy
oregontrailchiro.com,OREGON TRAIL CHIROPRACTIC LLC
moveforward-pt.com,Move Forward Physical Therapy & Wellness
betterdentist.com,Brighter Smile Family Dentistry & Orthodontics
dbderm.com,Desert Bloom Dermatology
